1534;1;Consultar Informações de Multas - DNIT;Infrações;http://infracoes.dnit.gov.br/dnitcidadao/login;0800 611 535;true;false;
solicitacao-de-uso-de-faixa-de-dominio;2;Solicitação de Uso de Faixa de Domínio;
        ;Os endereços das superintendências regionais podem ser encontrados no seguinte [link](http://www.dnit.gov.br/acesso-a-informacao/insitucional/copy_of_quem-e-quem);Mais informações no seguinte [link](http://www.dnit.gov.br/rodovias/operacoes-rodoviarias/faixa-de-dominio);false;false;
1537;5;Solicitar a perda da nacionalidade brasileira;
        ;Ministério da Justiça e Cidadania – Departamento de Migrações
Esplanada dos Ministérios, Bloco T, anexo II, sala T3, Brasília - DF, CEP: 70.064-900.;
Site: http://www.justica.gov.br/central-de-atendimento/estrangeiros/nacionalidade;true;false;
analisar-e-julgar-atos-de-concentracao;7;Analisar e Julgar Atos de Concentração;
        ;/br;SEPN 515 CONJUNTO D, LOTE 4 ED. CARLOS TAURISANO CEP: 70770-504 - BRASÍLIA/DF Email: cade@cade.gov.br Fone: (61) 3221 8500;false;false;
celebrar-termo-de-compromisso-de-cessacao-com-o-cade-tcc;8;Celebrar Termo de Compromisso de Cessação com o Cade (TCC);TCC;>;SEPN 515 CONJUNTO D, LOTE 4 ED. CARLOS TAURISANO CEP: 70770-504 - BRASÍLIA/DF 
Email: cade@cade.gov.br Fone: (61) 3221 8500;true;false;
denunciar-infracoes-a-ordem-economica;9;Denunciar Infrações à Ordem Econômica;
        ;sei.cliquedenuncia@cade.gov.br;
Fone: (61) 3221 8500;true;false;
1641;47;Aposentar-se por ter atingido a idade mínima.;
        ;Na agência do INSS onde você foi atendido na etapa anterior.;Central de Atendimento do INSS – Telefone 135;true;false;
1118;4;Pedir Naturalização Ordinária;
        ;http://www.justica.gov.br/central-de-atendimento/estrangeiros/nacionalidade;

Para consultar seu processo, acesse: http://www.justica.gov.br/Acesso/sistema-eletronico-de-informacoes-sei.

Divisão de Naturalizaçâo: processos.migracoes@mj.gov.br.;false;false;
pesquisar-processos-no-cade;10;Pesquisar processos no Cade;
        ;/br;
Fone: (61) 3221 8500;true;false;
1154;11;Solicitar autorização para funcionamento de Organização Estrangeira no Brasil;OE;

Esplanada dos Ministérios, Brasília – DF,

CEP: 70.064-900;sac.dejus@mj.gov.br;true;false;
ouvidoria-da-mulher;12;Ouvidoria da Mulher;
        ;(61)3313-7367
(61)3313-7399;ouvidoria@spm.gov.br;true;false;
1174;13;Realização de Defesa de Autuação de Multa - DNIT;Multa - DA;http://infracoes.dnit.gov.br/dnitcidadao/login;0800 611 535;true;false;
consulta-de-dominialidade;14;Consulta de Dominialidade;
        ;http://e-spu.planejamento.gov.br/#/requerimentoConsultaDominialidade?servico=35;
        ;true;false;
solicitar-reaquisicao-de-nacionalidade-brasileira;15;Solicitar Reaquisição de Nacionalidade Brasileira;
        ;Ministério da Justiça e Cidadania – Departamento de Migrações, Esplanada dos Ministérios, Bloco T, anexo II, sala T3, Brasília - DF, CEP: 70.064-900;;E-mail para contato: processos.migracoes@mj.gov.br
Site: http://www.justica.gov.br/central-de-atendimento/estrangeiros/nacionalidade;true;false;
consulta-de-dados-cadastrais;16;Consulta de Dados Cadastrais;
        ;http://e-spu.planejamento.gov.br/#/conteudo/38;
        ;true;false;
consulta-de-dados-financeiros;17;Consulta de Dados Financeiros;
        ;http://e-spu.planejamento.gov.br/#/conteudo/34;
        ;true;false;
comunicacao-de-crimes-diversos-ocorridos-em-rodovias-e-estradas-dprf;18;Comunicação de Crimes Diversos ocorridos em rodovias e estradas - DPRF;
        ;Em qualquer unidade da Polícia Rodoviária Federal, cujos endereços encontram-se no site do órgão (vide "Localização das unidades").;null;false;false;
emissao-de-darf-laudemio;19;Emissão de DARF - Laudêmio;
        ;http://e-spu.planejamento.gov.br/#/conteudo/16;
        ;true;false;
emissao-de-darf-patrimonial;20;Emissão de DARF Patrimonial;
        ;http://e-spu.planejamento.gov.br/#/conteudo/32;
        ;true;false;
emissao-de-certidoes;21;Emissão de Certidões;
        ;http://e-spu.planejamento.gov.br/#/conteudo/22;
        ;true;false;
validacao-de-certidoes;22;Validação de Certidões;
        ;http://e-spu.planejamento.gov.br/#/conteudo/23;
        ;true;false;
parcelamento-de-debitos-patrimoniais;24;Parcelamento de Débitos Patrimoniais;
        ;http://e-spu.planejamento.gov.br/#/conteudo/39;
        ;true;false;
consultar-servicos-estabelecimentos-disponiveis;25;Consultar serviços/estabelecimentos disponíveis;
        ;(https://www.microsoft.com/pt-br/store/apps/turismo-acessivel/9nblgggzjgqg); [Google Play](https://play.google.com/store/apps/details?id=br.gov.mtur.ta);
Anexo ID - SCN, Quadra 06, Bloco A, 10º andar - Brasília - DF Telefone: 61 2023-8165    
Email - incentivo.viagens@turismo.gov.br;true;false;
requerimento-de-isencao-de-pagamento;26;Requerimento de Isenção de Pagamento;
        ;http://e-spu.planejamento.gov.br/#/requerimentoIsencao?servico=13;
        ;true;false;
1163;27;Infomações sobre dados do Sistema de Custos Referenciais de Obras;SICRO;http://www.dnit.gov.br/custos-e-pagamentos/custos-e-pagamentos-1;E-mail: cgcit.sicro@dnit.gov.br;true;false;
requerimento-de-revisao-cancelamento-de-cobranca;28;Requerimento de Revisão/Cancelamento de Cobrança;
        ;http://e-spu.planejamento.gov.br/#/requerimentoCancelamentoCobranca?servico=15;
        ;true;false;
requerimento-de-autorizacao-de-obras;29;Requerimento de Autorização de obras;
        ;http://e-spu.planejamento.gov.br/#/requerimentoAutorizacaoObras?servico=30;
        ;true;false;
requerimento-de-cancelamento-de-utilizacao;30;Requerimento de Cancelamento de Utilização;
        ;http://e-spu.hom.intra.planejamento/#/requerimentoCancelamentoUtilizacao?servico=28;
        ;true;false;
requerimento-de-mudanca-de-regime-contrato;31;Requerimento de Mudança de Regime/Contrato;
        ;http://e-spu.planejamento.gov.br/#/requerimentoMudancaRegime?servico=31;
        ;true;false;
requerimento-de-remicao-de-aforamento;32;Requerimento de Remição de Aforamento;
        ;http://e-spu.planejamento.gov.br/#/requerimentoCertidaoAforamento?servico=27;
        ;true;false;
requerimento-de-revigoracao-de-aforamento;33;Requerimento de Revigoração de Aforamento;
        ;http://e-spu.planejamento.gov.br/#/requerimentoRevigoracaoAforamento?servico=29;
        ;true;false;
requerimento-de-revisao-de-area-e-valor-de-avaliacao;34;Requerimento de Revisão de Área e Valor de Avaliação;
        ;http://e-spu.planejamento.gov.br/#/revisaoValorArea?servico=36;
        ;true;false;
requerimento-de-transferencia-de-titularidade-de-imovel;35;Requerimento de Transferência de Titularidade de Imóvel;
        ;http://e-spu.planejamento.gov.br/#/requerimentoTransferenciaTitular?servico=14;
        ;false;false;
requerimento-de-utilizacao-regularizacao-de-imovel-da-uniao;36;Requerimento de Utilização/Regularização de Imóvel da União;
        ;http://e-spu.planejamento.gov.br/#/requerimentoRegularizacaoUso?servico=19;
        ;false;false;
requerimento-de-utilizacao-regularizacao-de-imovel-da-uniao-sisrei;37;Requerimento de Utilização/Regularização de Imóvel da União (SISREI);SISREI;https://sisrei.spu.planejamento.gov.br/sisrei/;
        ;true;false;
requerimento-de-permissao-de-uso;38;Requerimento de Permissão de Uso;
        ;http://e-spu.planejamento.gov.br/#/solicitarPermissaoUso?servico=21;
        ;true;false;
transferencia-de-titularidade-de-imoveis;39;Transferência de Titularidade de Imóveis;
        ;http://e-spu.planejamento.gov.br/#/requerimentoTransferenciaTitular?servico=14;
        ;false;false;
validacao-de-cat;40;Validação de CAT;
        ;http://e-spu.planejamento.gov.br/#/conteudo/18;
        ;true;false;
certidao-de-autorizacao-para-transferencia-cat;41;Certidão de Autorização para Transferência (CAT);
        ;http://e-spu.planejamento.gov.br/#/conteudo/17;
        ;false;false;
solicitar-refugio;42;Solicitar Refúgio;
        ;
                            ;Email:;true;false;
inscrever-se-na-lista-nacional-de-espera-para-transplante-de-orgaos;43;Inscrever-se na lista nacional de espera para transplante de órgãos;
        ;No estabelecimento de saúde escolhido para realização do transplante.;
        ;true;false;
1445;45;Obter o benefício financeiro do Programa Bolsa-Família;PBF;[Para Celular Windows](https://www.microsoft.com/pt-br/store/p/bolsafamilia/9nblggh5zw5w);
CEP 70046-900 – Brasília/DF  
*De segunda a sexta-feira, das 8h às 18h.*;true;false;
aposentar-se-por-ter-atingido-o-tempo-de-contribuicao-necessario;46;Aposentar-se por ter atingido o tempo de contribuição necessário.;
        ;Na agência do INSS onde você foi atendido na etapa anterior.;Central de Atendimento do INSS, através do telefone 135.;true;false;
1597;48;Aposentar-se por razão de invalidez.;
        ;Na agência do INSS onde foi atendido;Central de Atendimento do INSS, através do telefone 135.;true;false;
1613;49;Obter auxílio-doença;
        ;Na agência do INSS onde você foi atendido na etapa anterior.;Central de Atendimento do INSS, através do telefone 135.;true;false;
1713;50;Obter pensão por morte para dependentes de trabalhador que não recebia benefício anterior do INSS.;
        ;Na agência do INSS onde você foi atendido na etapa anterior.;Central de Atendimento do INSS, no número 135.;true;false;
1758;51;Obter pensão por morte para dependentes de trabalhador que recebia benefício anterior do INSS;
        ;http://sipa.inss.gov.br/SipaINSS/pages/consit/consitInicio.xhtml;Central de Atendimento do INSS, através do telefone 135.;true;false;
registrar-comunicacao-de-acidente-de-trabalho;52;Registrar Comunicação de Acidente de Trabalho;CAT.;Em qualquer agência do INSS.;Central de Atendimento do INSS, no telefone 135.;true;false;
1788;53;Obter Salário-Maternidade;
        ;Na agência do INSS onde foi atendido.;Central de Atendimento do INSS, número 135.;true;false;
1487;56;Obter financiamento do FIES;FIES;Agência do Banco do Brasil ou Caixa Econômica Federal escolhida durante a inscrição no SISFIES;0800 616161;false;false;
obter-bolsa-de-estudo-do-programa-universidade-para-todos;57;Obter bolsa de estudo do Programa Universidade para Todos;ProUni;Instituição de Ensino onde o estudante escolheu utilizar a bolsa.;0800-616161;true;false;
1273;62;Obter passaporte comum para Brasileiro;
        ;Deverá comparecer no local e horário especificado na etapa anterior.;Fone: (61) 2024-7510;false;false;
registrar-furto-ou-roubo-de-veiculos-no-sistema-alerta-do-sinarf;64;Registrar furto ou roubo de veículos no Sistema Alerta do SINARF;
        ;https://www.prf.gov.br/alerta/solicitacao/Alerta.seam;
        ;true;false;
consignacao-de-canal-de-tv-digital;65;Consignação de Canal de TV Digital;
        ;http://www.mc.gov.br/espaco-do-radiodifusor/tv-digital;

Ministério da Ciência, Tecnologia, Inovações e Comunicações
Telefone: (61) 2027-6000;false;false;
acesso-aos-documentos-do-acervo-do-arquivo-legal;66;Acesso aos documentos do Acervo do Arquivo Legal;SPED;Houve um problema inesperado com o banco de dados do PVA, favor encaminhar a descrição completa da operação realizada, com cópias de telas, mensagens de erros e se possível com o arquivo de escrituração, conforme orientações contidas no Fale Conosco da EFD-Contribuições - Solução de Inconsistência na Escrituração (Erros e Avisos), no sítio do SPED na Internet.;
        ;true;false;
solicitar-registro-para-executar-servico-de-microfilmagem;67;Solicitar registro para executar serviço de microfilmagem;
        ;
Esplanada dos Ministérios, Bloco T, Anexo II - CEP 70064-900. Brasília/DF.;sac.dejus@mj.gov.br;true;false;
solicitacao-de-imagens-e-videos-turisticos-do-brasil;69;Solicitação de imagens e vídeos turísticos do Brasil;
        ;(61) 2023-8598 / 8624/ 8604 / 8605;
* E-mail: promotional@embratur.gov.br;true;false;
1332;70;Campanha Nacional do Desarmamento;
        ;(61) 2025-8988;
* (61) 2025-8988;true;false;
1688;60;Obter a Carteira de Trabalho e Previdência Social;CTPS;No local escolhido no agendamento;Central 158;true;false;
1810;63;Obter Carteira de Identidade de Estrangeiro;CIE;Deverá comparecer no local e horário especificado na etapa anterior.;
        ;false;false;
2267;68;Obter o Seguro-Desemprego;
        ;Agências da Caixa.;Central 158;true;false;
biblioteca-digital-do-desenvolvimento-bibspi;71;Biblioteca Digital do Desenvolvimento - BibSPI;
        ;http://bibspi.planejamento.gov.br;
        ;true;false;
denuncias-sobre-telecentros;72;Denúncias sobre Telecentros.;
        ;(61) 2027-6403;Secretaria de Inclusão Digital - SID

(61) 2027-6403;true;false;
cadastrar-estabelecimentos-servicos-acessiveis;73;Cadastrar estabelecimentos/serviços acessíveis;
        ;http://www.turismoacessivel.gov.br;
Email - incentivo.viagens@turismo.gov.br;true;false;
identificacao-de-condutor-infrator-dnit;74;Identificação de Condutor Infrator - DNIT;FICI;Setor de Autarquias Norte, Quadra 03, Lote “A”, Edifício Núcleo dos Transportes, 3º Andar, Sala 3269, CEP: 70040.902, Brasília-DF.;0800 611 535;true;false;
suporte-tecnico-para-instalacao-de-telecentros;75;Suporte técnico para instalação de Telecentros.;
        ;(61) 2027-6040;Secretaria de Inclusão Digital - SID;true;false;
informacoes-sobre-o-status-de-implantacao-do-projeto-cidades-digitais;77;Informações sobre o status de implantação do Projeto Cidades Digitais;
        ;http://www.acessoainformacao.gov.br/sistema/site/index.html?ReturnUrl=%2fsistema%2f;Secretaria de Inclusão Digital - SID

Cidades Digitais - Atendimento Geral - (61) 2027-6385/6341/6904;true;false;
1497;78;Renovar Passe Livre;
        ;http://sistemas3.transportes.gov.br/CAPPL/paginas/requerente/home.jsp;

 e-mail: passelivre@transportes.gov.br

 Caixa Postal - 9.600 - CEP 70.040-976 - Brasília/DF;true;false;
outorga-de-radiodifusao-comunitaria;79;Outorga de Radiodifusão Comunitária;RADCOM;http://www.mc.gov.br/espaco-do-radiodifusor/radio-comunitaria;Caso tenha alguma dúvida sobre a legislação aplicável ou sobre qualquer tema acerca do Serviço de Radiodifusão Comunitária, envie um e-mail para duvidasradcom@comunicacoes.gov.br;false;false;
centro-de-referencia-da-assistencia-social-cras;82;Centro de Referência da Assistência Social - CRAS;
        ;Procure o CRAS mais próximo de sua residência;
        ;true;false;
avaliar-estabelecimentos-servicos-acessiveis;83;Avaliar estabelecimentos/serviços acessíveis;
        ;http://www.turismoacessivel.gov.br;
Email - incentivo.viagens@turismo.gov.br;true;false;
1221;84;Atribuir classificação indicativa;Classind;
Ministério da Justiça, Anexo II, Térreo
CEP 70064-901   Brasília/DF;

Correio eletrônico:
classificacaoindicativa@mj.gov.br;true;false;
emissao-de-certidao-negativa-do-banco-central;89;Emissão de Certidão Negativa do Banco Central;
        ;Por correspondência para: Banco Central do Brasil Divisão de Atendimento ao Cidadão SBS Q. 3 Bloco B – Ed. Sede – 2º SS CEP 70074-900 Brasília (DF);null;false;false;
auxilio-acidente;90;Auxílio-Acidente;
        ;Serviço prestado nas Agências da Previdência Social.;
        ;false;false;
aposentadoria-especial;98;Aposentadoria Especial;
        ;Serviço prestado nas Agências da Previdência Social.;
        ;false;false;
cadastro-no-sicaf;105;Cadastro no SICAF;
        ;cogrl.df.spoa@fazenda.gov.br;null;false;false;
declaracao-de-acidente-de-transito-dat-dprf;117;Declaração de Acidente de Trânsito – DAT/ DPRF;
        ;Dirigindo-se a qualquer Unidade do Departamento de Polícia Rodoviária Federal, cujos endereços estão disponíveis no site do órgão (vide "Localização das unidades").;null;false;false;
cartao-sus;120;Cartão SUS;
        ;O cadastro é feito em hospitais, clínicas e postos de saúde ou locais definidos pela secretaria municipal de saúde.

É possível imprimi-lo em todos os municípios do Brasil. O ideal é que o cidadão tenha o seu Cartão Nacional de Saúde entregue no seu atendimento pelo SUS.;
        ;true;false;
registro-de-industria-pesqueira;122;Registro de Indústria Pesqueira;
        ;O empresário deve se dirigir às Superintendências Federais de Pesca e Aquicultura para preencher formulário específico e entregar documentos necessários.;null;false;false;
beneficio-de-prestacao-continuada;135;Benefício de Prestação Continuada;pedido de auxil;Serviços prestado nas Agências da Previdência Social.;
        ;false;false;
extrato-de-beneficios-previdenciarios-para-declaracao-de-imposto-de-renda;136;Extrato de Benefícios Previdenciários para Declaração de Imposto de Renda;PRISCILA SUELE;http://www5.dataprev.gov.br/irpf01/pages/consultarExtratoIR.xhtml;
        ;true;false;
1146;146;Previsão do tempo;PT;E-mail;null;true;false;
beneficio-de-prestacao-continuada-bpc;151;Benefício de Prestação Continuada - BPC;
        ;Você deve agendar o atendimento, por isso procure o Centro de Referência da Assistência Social - CRAS mais próximo da sua residência ou agende pela internet.;null;false;false;
dominio-publico-biblioteca-digital;269;Domínio Público - Biblioteca digital;
        ;http://www.dominiopublico.gov.br/;null;false;false;
manutencao-do-registro-de-pescador-profissional;168;Manutenção do Registro de Pescador Profissional;
        ;Para fazer a manutenção anual do registro o pescador deve procurar a Superintendência Federal de Pesca e Aquicultura no seu estado ou sua entidade representativa de classe (colônia, associação ou sindicato).;null;false;false;
gerar-codigo-de-acesso-ao-portal-do-simples-nacional;276;Gerar Código de Acesso ao Portal do Simples Nacional.;
        ;http://www8.receita.fazenda.gov.br/SIMPLESNACIONAL/controleAcesso/GeraCodigo.aspx;
        ;true;false;
recuperar-recibo-regime-especial-de-apuracao-e-pagamento-da-contribuicao-para-o-pis-pasep-e-cofins-incidentes-sobre-combustiveis-e-bebidas;184;Recuperar Recibo – Regime Especial de Apuração e Pagamento da Contribuição para o PIS/Pasep e Cofins
        incidentes sobre Combustíveis e Bebidas (;
        ;https://cav.receita.fazenda.gov.br/eCAC/publico/login.aspx?sistema=00010;null;false;false;
sistema-gerenciador-de-series-temporais;185;Sistema Gerenciador de Séries Temporais;
        ;http://www4.bcb.gov.br/pec/series/port/aviso.asp;null;false;false;
solicitar-transferencia-de-pessoas-condenadas;186;Solicitar Transferência de Pessoas Condenadas;TPC;
CEP: 70716-900 - Brasília/DF - Brasil;

- Mais informações:
http://justica.gov.br/sua-protecao/cooperacao-internacional/transferencia-de-pessoas-condenadas;true;false;
aviso-para-requerimento-de-beneficio;188;Aviso para Requerimento de Benefício;
        ;http://www.mpas.gov.br/conteudoDinamico.php?id=821;null;false;false;
registro-de-armador-de-pesca;193;Registro de Armador de Pesca;
        ;O armador deve comparecer na Superintendência de Pesca e Aquicultura do seu estado, preencher o requerimento específico, apresentar a documentação necessária e recolher a taxa equivalente.;null;false;false;
programa-de-intercambio-e-difusao-cultural;196;Programa de Intercâmbio e Difusão Cultural;
        ;Coordenação Geral de Projetos Apoiados pelo Fundo Nacional da Cultura: (61) 2024-2170;
        ;true;false;
programa-cultura-do-trabalhador;197;Programa Cultura do Trabalhador;PCT;www.cultura.gov.br/valecultura;
        ;true;false;
programa-cisternas;202;Programa Cisternas;
        ;Procure a Prefeitura de seu Município;null;false;false;
solicitacao-de-conexao-gesac;203;Solicitação de Conexão GESAC;GESAC;(61) 2027-6292/6391;

(61) 2027-6292/6391;true;false;
consulta-pj-habilitadas-pis-pasep-e-cofins-in-595-2005;204;Consulta PJ Habilitadas - PIS/Pasep e Cofins IN 595/2005;PIS;http://www.receita.fazenda.gov.br/Legislacao/RegimeSuspensao/RelacaodasPJIN595.htm;
        ;true;false;
informacoes-sobre-condicoes-de-vias;205;Informações sobre condições de vias;
        ;http://servicos.dnit.gov.br/condicoes/;[Superintendências Regionais do DNIT](http://www.dnit.gov.br/acesso-a-informacao/insitucional/copy_of_quem-e-quem);true;false;
atualizacao-de-endereco-de-segurados-e-demais-pessoas-cadastradas-na-previdencia-social;228;Atualização de endereço de segurados e demais pessoas cadastradas na Previdência Social;
        ;http://www1.dataprev.gov.br/cadend/sp2cgi.exe?sp2application=cadend;null;false;false;
sistema-de-monitoramento-agrometeorologico;231;Sistema de Monitoramento Agrometeorológico;
        ;http://www.agritempo.gov.br;null;false;false;
portal-do-professor;243;Portal do Professor;
        ;http://portaldoprofessor.mec.gov.br/sobre.html;null;false;false;
1243;236;Apoio à Captação e Promoção de Eventos Internacionais;
        ;wilson.freitas@embratur.gov.br;
Telefone: 61 2023 8652
Email: wilson.freitas@embratur.gov.br;true;false;
extrato-do-cadastro-nacional-de-informacoes-sociais-vinculos-e-remuneracoes;257;Extrato do Cadastro Nacional de Informações Sociais – Vínculos e Remunerações;
        ;http://www.previdencia.gov.br/conteudoDinamico.php?id=763;
        ;true;false;
informacoes-sobre-condicoes-das-rodovias-e-estradas-federais;265;Informações sobre Condições das Rodovias e Estradas Federais;
        ;Em qualquer Unidade ou Equipe de Ronda do Departamento de Polícia Rodoviária Federal, cujos endereços estão disponíveis no site do órgão (vide "Localização das unidades").;null;false;false;
cadastramento-de-empresa-estrategica-de-defesa;263;Cadastramento de Empresa Estratégica de Defesa;
        ;
                            ;http://www.defesa.gov.br/industria-de-defesa;true;false;
1526;282;Realização de Recurso contra multa - DNIT;Recurso;As Juntas Administrativas de Recurso de Infrações do DNIT nos Estados. Os endereços encontram-se no seguinte [link](http://www.dnit.gov.br/acesso-a-informacao/insitucional/copy_of_quem-e-quem);0800 611 535;true;false;
solicitar-reaquisicao-de-direitos-politicos;291;Solicitar Reaquisição de Direitos Políticos;
        ;Ministério da Justiça e Cidadania – Departamento de Migrações, Esplanada dos Ministérios, Bloco T, anexo II, sala T3, Brasília - DF, CEP: 70.064-900;E-mail:processos.migracoes@mj.gov.br
Site: http://www.justica.gov.br/central-de-atendimento/estrangeiros/nacionalidade;true;false;
atualizacao-de-dados-para-fins-previdenciarios-pessoa-fisica;296;Atualização de Dados para fins Previdenciários - Pessoa Física;
        ;http://www1.dataprev.gov.br/cadend/sp2cgi.exe?sp2application=cadend;null;false;false;
unidades-basicas-de-saude-ubs;322;Unidades Básicas de Saúde (UBS);
        ;param=null;null;false;false;
extrato-de-informacoes-previdenciarias;328;Extrato de informações previdenciárias;
        ;http://www1.dataprev.gov.br/conweb/sp2cgi.exe?sp2application=conweb;
        ;true;false;
cadastro-e-alteracao-de-senha-na-previdencia-social-cadsenha;329;Cadastro e Alteração de Senha na Previdência Social - CADSENHA;
        ;http://www2.dataprev.gov.br/prevagenda/OpcaoInicialTela.view;null;false;false;
regime-especial-de-tributacao-do-programa-nacional-de-banda-larga;335;Regime Especial de Tributação do Programa Nacional de Banda Larga;REPNBL;repnbl@comunicacoes.gov.br;Equipe REPNBL +55 (61) 2027-6573

E-mail: repnbl@comunicacoes.gov.br;true;false;
procuracao-para-servicos-na-internet;339;Procuração para Serviços na Internet;
        ;http://www.receita.fazenda.gov.br/pessoajuridica/procuracoesrfb/orienta/orientagerais.htm;null;false;false;
cadastramento-e-vistoria-de-empresas-que-atuam-no-transporte-internacional-de-cargas-e-ou-passageiros;342;Cadastramento e vistoria de empresas que atuam no transporte internacional de cargas e/ou passageiros;
        ;Unidades da Polícia Federal - Superintendências Regionais (vide "Localização das unidades").;null;false;false;
atualizacao-de-atividade-para-fins-previdenciarios;345;Atualização de Atividade para fins Previdenciários;
        ;http://www2.dataprev.gov.br/prevagenda/OpcaoInicialTela.view;null;false;false;
pronatec-programa-nacional-de-acesso-ao-ensino-profissional-e-emprego;346;Pronatec — Programa Nacional de Acesso ao Ensino Profissional e Emprego;
        ;http://pronatec.mec.gov.br/index.php;null;false;false;
salario-familia;350;Salário-Família;
        ;http://salariofamilia.net/;
        ;true;false;
pedido-de-restituicao-irpf-nao-resgatada-na-rede-bancaria-dirpf-declaracao-do-imposto-sobre-a-renda-da-pessoa-fisica-declaracoes-e-demons;344;Pedido de Restituição IRPF não Resgatada na Rede Bancária (DIRPF - Declaração do Imposto sobre a Renda da
        Pessoa Física / Declarações e Demons;
        ;idAssunto=118;null;false;false;
outorga-de-radiodifusao-comercial;351;Outorga de Radiodifusão Comercial;
        ;http://www.mc.gov.br/espaco-do-radiodifusor/radiodifusao-comercial;

Ministério da Ciência, Tecnologia, Inovações e Comunicações
Telefone: (61) 2027-6000;false;false;
credenciamento-de-empresas-de-escolta;352;Credenciamento de Empresas de Escolta;
        ;Por meio de requerimento junto às Seções/Núcleos de Policiamento e Fiscalização das Unidades Regionais da Polícia Rodoviária Federal, cujos endereços encontram-se no site do órgão (vide "Localização das unidades").;null;false;false;
carteira-nacional-de-vigilante-cnv;358;Carteira Nacional De Vigilante (CNV);
        ;http://www.dpf.gov.br/servicos/seguranca-privada/servicos/carteira-nacional-de-vigilante;null;false;false;
1320;359;Solicitar qualificação como Organização da Sociedade Civil de Interesse Público - OSCIP;OSCIP;
CEP: 70.064-900 - Brasília – DF.;sac.dejus@mj.gov.br

http://www.justica.gov.br/central-de-atendimento/entidades/oscip;true;false;
tv-escola;403;TV Escola;
        ;http://tvescola.mec.gov.br/;null;false;false;
servico-de-atendimento-ao-publico;371;Serviço de Atendimento ao Público;ATP;http://sistema.mc.gov.br/CADSEIWeb/pages/externo/SisCADSEI.jsf;61-2027-6464;true;false;
1292;374;Cadastrar Prestadores de Serviços Turísticos - Pessoa Jurídica;CADASTUR;[Lista de contatos](http://www.cadastur.turismo.gov.br/cadastur/ComoCadastrar.mtur);
E-mail: snptur.ouvidoria@turismo.gov.br / 0800-2008484 (opção 04 - Cadastur);true;false;
restituicao-de-valores-multa-de-transito-dprf;376;Restituição de Valores - Multa de Trânsito/DPRF;
        ;Por via postal - por meio do encaminhamento de correspondência, contendo o requerimento de restituição, endereçada à Unidade Sede ou às Unidades Regionais do Departamento de Polícia Rodoviária Federal (vide "Localização das unidades").;null;false;false;
alteracoes-de-pos-outorga;379;Alterações de Pós-Outorga;
        ;http://www.mc.gov.br/espaco-do-radiodifusor/atos-de-pos-outorga;

Ministério da Ciência, Tecnologia, Inovações e Comunicações
Telefone: (61) 2027-6000;false;false;
multas-de-transito-departamento-de-policia-rodoviaria-federal;380;Multas de Trânsito - Departamento de Polícia Rodoviária Federal;CNH;Para Defesa de Autuação: Por via postal - por meio do encaminhamento de correspondência pelos Correios, contendo a Defesa da Autuação, endereçada à Unidade Sede ou às Unidades Regionais da Polícia Rodoviária Federal (vide "Localização das Unidades").;
        ;false;false;
inscricao-junto-a-previdencia-social;388;Inscrição junto à Previdência Social;pis;nathan_oliveira1994@hotmail.com;número do pis;true;false;
centro-de-referencia-especializado-da-assistencia-social-creas;391;Centro de Referência Especializado da Assistência Social - CREAS;
        ;Procure o CREAS mais próximo de sua residência.;null;false;false;
samu-servico-de-atendimento-movel-de-urgencia;392;SAMU - Serviço de Atendimento Móvel de Urgência;
        ;Disque 192 (chamada gratuita);null;false;false;
carta-de-concessao-e-memoria-de-calculo-de-beneficio-previdenciario;395;Carta de Concessão e Memória de Cálculo de Benefício Previdenciário;
        ;http://agencia.previdencia.gov.br/e-aps/servico/172;
        ;false;false;
simulacao-da-contagem-de-tempo-de-contribuicao-previdenciaria;400;Simulação da contagem de tempo de contribuição previdenciária;
        ;https://www5.dataprev.gov.br/PortalSibeInternet/pages/compdir/principalsimuladormanual.xhtml;
        ;true;false;
consulta-situacao-do-requerimento-de-beneficio-previdenciario;398;Consulta Situação do Requerimento de Benefício Previdenciário;
        ;http://sipa.inss.gov.br/SipaINSS/pages/consit/consitInicio.xhtml;
        ;false;false;
1395;406;Obter Passe livre;
        ;http://sistemas3.transportes.gov.br/CAPPL/paginas/requerente/home.jsp;

 e-mail: passelivre@transportes.gov.br

 Caixa Postal - 9.600 - CEP 70.040-976 - Brasília/DF;true;false;
emissao-da-certidao-de-antecedentes-criminais;409;Emissão da certidão de antecedentes criminais;
        ;Em todas as unidades do Departamento de Polícia Federal (vide "Localização das unidades").;
        ;false;false;
conversao-de-moedas;413;Conversão de moedas;
        ;Deficiente auditivo/fala: 0800 642 2345;null;false;false;
debentures-para-a-infraestrutura-telecomunicacoes;414;Debêntures para a Infraestrutura - Telecomunicações;Debêntures;Equipe DEBÊNTURES +55 (61) 2027-6573;Equipe DEBÊNTURES +55 (61) 2027-6573;true;false;
consultar-prestadores-de-servicos-turisticos-regulares;417;Consultar Prestadores de Serviços Turísticos Regulares;Cadastur;http://www.cadastur.turismo.gov.br/cadastur/PesquisarEmpresas.mtur;
- Coordenação-Geral de Cadastramento e Fiscalização (MTur)                                   
E-mail: snptur.ouvidoria@turismo.gov.br / 0800-2008484 (opção 04 - Cadastur);true;false;
consulta-restituicao-e-situacao-da-declaracao-irpf-dirpf-declaracao-do-imposto-sobre-a-renda-da-pessoa-fisica-declaracoes-e-demonstrativo;420;Consulta Restituição e Situação da Declaração IRPF (DIRPF - Declaração do Imposto sobre a Renda da Pessoa
        Física / Declarações e Demonstrativo;
        ;http://www.receita.fazenda.gov.br/Aplicacoes/Atrjo/ConsRest/Atual.app/index.asp;null;false;false;
agendamento-eletronico-de-atendimento-na-previdencia;421;Agendamento eletrônico de atendimento na Previdência;84702382;http://www2.dataprev.gov.br/prevagenda/OpcaoInicialTela.view;ok;false;false;
ranking-do-valor-efetivo-total-vet-das-operacoes-de-cambio;423;Ranking do Valor Efetivo Total - VET - das operações de câmbio;
        ;https://www3.bcb.gov.br/rex/vet/index.asp;null;false;false;
consulta-rendimentos-informados-por-fontes-pagadoras-dirpf-declaracao-do-imposto-sobre-a-renda-da-pessoa-fisica-declaracoes-e-demonstrati;424;Consulta Rendimentos Informados por Fontes Pagadoras (DIRPF - Declaração do Imposto sobre a Renda da Pessoa
        Física / Declarações e Demonstrati;
        ;https://cav.receita.fazenda.gov.br/eCAC/publico/login.aspx?sistema=00021;null;false;false;
programa-de-aquisicao-de-alimentos-da-agricultura-familiar-paa;438;Programa de Aquisição de Alimentos da agricultura familiar - PAA;
        ;Na Prefeitura ou na CONAB do município.;null;false;false;
emissao-de-licenca-de-aquicultor;441;Emissão de Licença de Aquicultor;
        ;http://www.mpa.gov.br/index.php/aquiculturampa/registro-e-licenca-de-aquicultor/inscricao-e-renovacao-do-rgp;null;false;false;
aqui-tem-farmacia-popular;444;Aqui tem Farmácia Popular;
        ;param=null;
        ;true;false;
atendimento-a-acidentes-de-transito-dprf;446;Atendimento a acidentes de trânsito/ DPRF;
        ;Por meio da comunicação direta em qualquer Equipe de Ronda ou Posto do DPRF (vide "Localização das unidades");null;false;false;
1375;466;Solicitar 2ª Via da Credencial do Passe Livre;
        ;Endereço informado pelo requerente no formulário de solicitação do benefício.;
Caixa Postal - 9.600 - CEP 70.040-976 - Brasília/DF;true;false;
consultar-orientacoes-sobre-obtencao-de-certificacao-digital;450;Consultar Orientações sobre Obtenção de Certificação Digital;
        ;https://idg.receita.fazenda.gov.br/orientacao/tributaria/senhas-e-procuracoes/senhas/certificados-digitais/certificados-digitais;
        ;true;false;
1412;472;Cadastrar Prestadores de Serviços Turísticos - Pessoa Física/Guia de Turismo;Cadastur;http://www.cadastur.turismo.gov.br/cadastur/ComoCadastrar.mtur;
Coordenação-Geral de Cadastramento e Fiscalização (MTur)      
E-mail: snptur.ouvidoria@turismo.gov.br / 0800-2008484 (opção 04 - Cadastur);true;false;
ouvidoria-do-ministerio-das-comunicacoes;475;Ouvidoria do Ministério das Comunicações;
        ;https://sistema.ouvidorias.gov.br/publico/Manifestacao/RegistrarManifestacao.aspx;2027 6449 e 2027 6464;true;false;
consulta-a-situacao-dos-voos;485;Consulta à Situação dos Voos;CSV;Instale o aplicativo Infraero Voos Online, disponível nas plataformas Android e Apple.;
        ;false;false;
outorga-de-radiodifusao-educativa-e-consignacoes-da-uniao;487;Outorga de Radiodifusão Educativa e Consignações da União;
        ;http://www.mc.gov.br/espaco-do-radiodifusor/radiodifusao-educativa-e-consignacoes-da-uniao;
Telefone: (61) 2027-6000;false;false;
solicitacao-de-cidades-digitais;488;Solicitação de Cidades Digitais;
        ;É possível obter informações sobre as cidades já selecionadas por meio do e-mail: cidades.digitais@comunicacoes.gov.br;

cidades.digitais@comunicacoes.gov.br;true;false;
licenca-de-pescador-amador;491;Licença de Pescador Amador;
        ;http://sinpesq.mpa.gov.br/pndpa/web/;null;false;false;
banco-internacional-de-objetos-educacionais;492;Banco Internacional de Objetos Educacionais;
        ;http://objetoseducacionais2.mec.gov.br/;
        ;false;false;
solicitacao-de-equipamentos-recondicionados-para-pontos-de-inclusao-digital;498;Solicitação de equipamentos recondicionados para Pontos de Inclusão Digital;
        ;http://simmc.c3sl.ufpr.br/#/pid;Projeto.ci@comunicacoes.gov.br

Telefone: (61) 2027-5379/6608/6969;true;false;
taxas-de-cambio;511;Taxas de câmbio;
        ;http://www.bcb.gov.br/?TXCOTACAO;null;false;false;
unidade-de-pronto-atendimento-upa-24h;523;Unidade de Pronto Atendimento (UPA 24h);
        ;param=null;null;false;false;
cadastramento-de-entidades-que-atuam-em-adocao-internacional-de-criancas-e-adolescentes-brasileiros;528;Cadastramento de entidades que atuam em adoção internacional de crianças e adolescentes brasileiros;
        ;http://www.dpf.gov.br/servicos/adocao-internacional/;null;false;false;
outorga-de-retransmissora-de-tv;530;Outorga de Retransmissora de TV;RTV;http://www.mc.gov.br/espaco-do-radiodifusor/rtv;

Ministério da Ciência, Tecnologia, Inovações e Comunicações
Telefone: (61) 2027-6000;false;false;
validar-assinatura-digital;503;Validar Assinatura Digital;
        ;https://www.receita.fazenda.gov.br/Aplicacoes/SSL/ATBHE/Assinadoc/ValidadorAssinaturas.app/valida.aspx;
        ;true;false;
consultar-eventos-turisticos-no-brasil;533;Consultar eventos Turísticos no Brasil;
        ;http://www.turismo.gov.br/agenda-eventos/views/calendario.php;
Email - incentivo.viagens@turismo.gov.br;true;false;
denuncias-sobre-servicos-de-radiodifusao;539;Denúncias sobre Serviços de Radiodifusão;
        ;denuncia@comunicacoes.gov.br;Por internet, por meio do e-mail denuncia@comunicacoes.gov.br;true;false;
acompanhamento-da-solicitacao-de-enquadramento-no-simei;552;Acompanhamento da Solicitação de Enquadramento no SIMEI;MTco;http://www8.receita.fazenda.gov.br/SIMPLESNACIONAL/Servicos/Grupo.aspx?grp=7;visualizar ultimo contracheque;true;false;
extratos-de-pagamentos-de-beneficios-previdenciarios;560;Extratos de pagamentos de benefícios Previdenciários;
        ;http://agencia.previdencia.gov.br/e-aps/servico/144;Blog informativo sobre o extrato de pagamentos dos [Benefícios INSS](http://extratoinss.com.br) online.;false;false;
recuperar-recibo-regime-especial-de-apuracao-e-pagamento-da-contribuicao-para-o-pis-pasep-e-cofins-incidentes-sobre-combustiveis-e-bebidas;641;Recuperar Recibo – Regime Especial de Apuração e Pagamento da Contribuição para o PIS/Pasep e Cofins
        incidentes sobre Combustíveis e Bebidas (;
        ;https://cav.receita.fazenda.gov.br/eCAC/publico/login.aspx?sistema=00010;null;false;false;
outorga-de-canal-da-cidadania;563;Outorga de Canal da Cidadania;
        ;http://www.mc.gov.br/espaco-do-radiodifusor/canal-da-cidadania;

Ministério da Ciência, Tecnologia, Inovações e Comunicações
Telefone: (61) 2027-6000;false;false;
ranking-das-instituicoes-financeiras-mais-reclamadas;564;Ranking das Instituições Financeiras mais reclamadas;
        ;http://www.bcb.gov.br/?RANKING;null;false;false;
formularios-para-requerimento-de-beneficio;565;Formulários para Requerimento de Benefício;
        ;http://agencia.previdencia.gov.br/e-aps/servico/153;null;false;false;
declaracao-de-capitais-brasileiros-no-exterior;569;Declaração de Capitais Brasileiros no Exterior;
        ;http://www4.bcb.gov.br/rex/CBE/Port/cbe.asp;null;false;false;
ciencia-sem-fronteiras;576;Ciência sem Fronteiras;
        ;http://www.cienciasemfronteiras.gov.br/web/csf/home;
        ;false;false;
melhor-em-casa-assistencia-domiciliar;579;Melhor em Casa - Assistência Domiciliar;
        ;param=null;null;false;false;
calculadora-do-cidadao;585;Calculadora do Cidadão;
        ;mt=8 "Baixar na Apple App Store");
        ;false;false;
sisutec-sistema-de-selecao-unificada-da-educacao-profissional-e-tecnologica;596;Sisutec — Sistema de Seleção Unificada da Educação Profissional e Tecnológica;
        ;http://sisutec.mec.gov.br/;null;false;false;
cadastrar-senha-para-matricula-cei;566;Cadastrar Senha para Matrícula CEI;
        ;http://www2.dataprev.gov.br/ceiweb/cadastrarSenhaIdentificador.view;
        ;true;false;
emissao-de-autorizacao-especial-de-transito;602;Emissão de Autorização Especial de Trânsito;AET;https://siaet.dnit.gov.br;E-mail: siaet@dnit.gov.br
Central de Atendimento: 0800-61-1535;false;false;
1521;605;Solicitar anistia política;
        ;http://www.justica.gov.br/seus-direitos/anistia/como-pedir-prioridade/formulario-recadastramento-prioridades.pdf;
http://www.justica.gov.br/seus-direitos/anistia;true;false;
acesso-aos-acervos-da-fundacao-nacional-do-indio;606;Acesso aos Acervos da Fundação Nacional do Índio;
        ;Para Acervos Etnográficos e Audiovisuais: Serviço de Referências Documentais do Museu do Índio Rua das Palmeiras, 55 – Botafogo 22270-070 RIO DE JANEIRO - RJ Telefones: (21) 3214-8725 / 3214-8726 / 3214-8727;
        ;false;false;
1502;607;Atendimento ao Contribuinte do Funttel;ACF;http://sistema.mc.gov.br/CADSEIWeb/pages/externo/SisCADSEI.jsf;arrecadacao.funttel@comunicacoes.gov.br; telefone: (61) 2027-6133; Fax (61) 2017-6756;true;false;
desoneracao-de-smartphones;613;Desoneração de Smartphones;Smartphones;http://sistema.mc.gov.br/CADSEIWeb/pages/externo/SisCADSEI.jsf;Equipe SMARTPHONE +55 (61) 2027-6573;false;false;
registro-de-pescador-profissional;620;Registro de Pescador Profissional;
        ;http://www.mpa.gov.br/index.php/monitoramento-e-controlempa/registro-geral-da-pesca-rgp;null;false;false;
cadastro-de-instituicoes-financeiras;621;Cadastro de instituições financeiras;
        ;http://www.bc.gov.br/?IF;null;false;false;
declaracao-do-censo-de-capitais-estrangeiros-no-pais;627;Declaração do Censo de Capitais Estrangeiros no País;
        ;http://www.bcb.gov.br/?CENSOCE;null;false;false;
pedido-de-restituicao-irpf-nao-resgatada-na-rede-bancaria-dirpf-declaracao-do-imposto-sobre-a-renda-da-pessoa-fisica-declaracoes-e-demons;654;Pedido de Restituição IRPF não Resgatada na Rede Bancária (DIRPF - Declaração do Imposto sobre a Renda da
        Pessoa Física / Declarações e Demons;
        ;idAssunto=118;null;false;false;
registrar-servicos-especializados-em-seguranca-e-medicina-do-trabalho;831;Registrar Serviços Especializados em Segurança e Medicina do Trabalho;SESMT;https://sesmt.mte.gov.br/;* E-mail: sesmt@mte.gov.br;true;false;
inscrever-se-no-cadastro-nacional-de-empreendimentos-economicos-solidarios-e-comercio-justo;832;Inscrever-se no Cadastro Nacional de Empreendimentos Econômicos Solidários e Comércio Justo;CADSOL;http://cadsol.mte.gov.br/inter/cadsol/view/empreendimento/geral/main.seam?cid=164;E-mail: dados.senaes@mte.gov.br;true;false;
cadastrar-empresas-que-utilizam-benzeno;833;Cadastrar empresas que utilizam Benzeno;
        ;Endereço informado da sede da empresa;Departamento de Segurança e Saúde no Trabalho (Secretaria de Inspeção do Trabalho)
* Fone: (61) 2031-6689;true;false;
consulta-rendimentos-informados-por-fontes-pagadoras-dirpf-declaracao-do-imposto-sobre-a-renda-da-pessoa-fisica-declaracoes-e-demonstrati;666;Consulta Rendimentos Informados por Fontes Pagadoras (DIRPF - Declaração do Imposto sobre a Renda da Pessoa
        Física / Declarações e Demonstrati;
        ;https://cav.receita.fazenda.gov.br/eCAC/publico/login.aspx?sistema=00021;null;false;false;
instituto-nacional-de-meteorologia-inmet;667;Instituto Nacional de Meteorologia (INMET);
        ;http://www.inmet.gov.br/;null;false;false;
consulta-restituicao-e-situacao-da-declaracao-irpf-dirpf-declaracao-do-imposto-sobre-a-renda-da-pessoa-fisica-declaracoes-e-demonstrativo;668;Consulta Restituição e Situação da Declaração IRPF (DIRPF - Declaração do Imposto sobre a Renda da Pessoa
        Física / Declarações e Demonstrativo;
        ;http://www.receita.fazenda.gov.br/Aplicacoes/Atrjo/ConsRest/Atual.app/index.asp;null;false;false;
1827;711;Consultar Documentos do Acervo do Arquivo Nacional;
        ;
CEP 70610-460 – Brasília – DF;consultas@arquivonacional.gov.br

consultasdf@arquivonacional.gov.br;false;false;
incluir-ou-alterar-endereco-de-correspondencia;3;Incluir ou Alterar Endereço de Correspondência;
        ;http://atendimentovirtual.spu.planejamento.gov.br/EnderecoEspecial/EndEsp_Pedido.asp;
        ;true;false;
avaliar-as-propostas-e-acompanhar-a-implantacao-e-a-operacionalizacao-dos-projetos-industriais-aprovados-pelo-czpe;731;Avaliar as propostas e acompanhar a implantação e a operacionalização dos projetos industriais aprovados pelo CZPE.;
        ;
Brasília-DF;Email: seczpe@mdic.gov.br
Telefone: (61)2027-7499;true;false;
prover-informacoes-e-orientar-sobre-temas-relacionados-ao-regime-brasileiro-de-zona-de-processamento-de-exportacoes-zpe;653;Prover informações e orientar sobre temas relacionados ao regime brasileiro de Zona de Processamento de Exportações – ZPE;
        ;
CEP: 70053-900
Brasília - DF;Telefone: (61)2027-7499
E-mail: seczpe@mdic.gov.br;true;false;
analisar-as-propostas-de-criacao-de-zonas-de-processamento-de-exportacao-zpe-acompanhar-a-implementacao-e-o-funcionamento-das-zpe-criadas;730;Analisar as propostas de criação de Zonas de Processamento de Exportação – ZPE, acompanhar a implementação e o funcionamento das ZPE criadas.;
        ;
Brasília/DF;Email: seczpe@mdic.gov.br
Telefone: (61) 2027-7499;true;false;
prover-respostas-sobre-comercio-exterior-ao-usuario;735;Prover respostas sobre comércio exterior ao usuário;Comex Responde;http://www.comexresponde.gov.br;
Telefone: (61) 2027-7000
Endereço Eletrônico: http://www.mdic.gov.br;true;false;
calculo-de-laudemio;23;Cálculo de Laudêmio;
        ;http://e-spu.planejamento.gov.br/#/conteudo/1;
        ;true;false;
ouvidoria-nacional-dos-servicos-penais;738;Ouvidoria Nacional dos Serviços Penais;ONSP;Edifício Victória-SCN, Quadra 3, Bloco B Lote 120- Basília-DF
70713-020;Ouvidoria.depen@mj.gov.br;true;false;
alterar-o-beneficiario-da-titularidade-do-ato-concessorio-de-drawback;742;Alterar o beneficiário da titularidade do ato concessório de Drawback;
        ;Esplanada dos Ministérios Bloco J - Zona Cívico-Administrativa, Brasília - DF, 70053-900;
Telefone: (61) 2027-7000
Endereço Eletrônico: http://www.mdic.gov.br;true;false;
analisar-pedido-de-alteracao-de-registro-de-exportacao-re-averbado;744;Analisar pedido de alteração de Registro de Exportação (RE) averbado;
        ;http://www.mdic.gov.br/AcessoALinksExternos/siscomex/siscmx.html;
Telefone: (61) 2027-7000
Endereço Eletrônico: http://www.mdic.gov.br/;true;false;
conceder-certificado-de-registro-especial-de-empresas-comerciais-exportadoras-trading-companies;751;Conceder Certificado de Registro Especial de Empresas Comerciais Exportadoras (Trading Companies);
        ;
Telefone: (61) 2027-7000
Endereço Eletrônico: http://www.mdic.gov.br;
Telefone: (61) 2027-7000
Endereço Eletrônico: http://www.mdic.gov.br;false;false;
auxiliar-produtores-e-exportadores-brasileiros-nas-investigacoes-de-origem-preferencial-conduzidas-por-terceiros-governos;748;Auxiliar produtores e exportadores brasileiros nas investigações de origem preferencial conduzidas por terceiros governos;
        ;
                            ;
Telefone: (61) 2027-7000
Endereço Eletrônico: http://www.mdic.gov.br;true;false;
divulgar-estatisticas-de-comercio-exterior-dos-paises-do-mercosul;732;Divulgar estatísticas de Comércio Exterior dos países do Mercosul;
        ;http://alicewebmercosul.mdic.gov.br;
Telefone: (61) 2027-7000
Endereço Eletrônico: http://www.mdic.gov.br;true;false;
apoiar-o-exportador-brasileiro-investigado-no-exterior;746;Apoiar o exportador brasileiro investigado no exterior;
        ;decom@mdic.gov.br;
Telefone: (61) 2027-7000
Endereço Eletrônico: http://www.mdic.gov.br;true;false;
1875;61;Sacar o FGTS;
        ;(http://www.caixa.gov.br/atendimento/Paginas/encontre-a-caixa.aspx);
* [Detalhes sobre documentações específicas](http://www.fgts.gov.br/trabalhador/quando_sacar_o_FGTS.asp);true;false;
atender-demandas-dos-operadores-de-comercio-exterior-por-meio-de-despachos-executivos;747;Atender demandas dos Operadores de Comércio Exterior por meio de Despachos Executivos;
        ;decex.despachos@mdic.gov.br;
Telefone: (61) 2027-7000
Endereço Eletrônico: http://www.mdic.gov.br;true;false;
conduzir-investigacao-de-origem-nao-preferencial;754;Conduzir investigação de origem não preferencial;
        ;
                            ;
Telefone: (61) 2027-7000
Endereço Eletrônico: http://www.mdic.gov.br;true;false;
conduzir-investigacoes-de-subsidio;757;Conduzir investigações de subsídio;
        ;O usuário não precisa realizar nenhuma atividade nessa etapa, cabendo-lhe apenas receber os documentos emitidos pelo DECOM.;
Telefone: (61) 2027-7000
Endereço Eletrônico: http://www.mdic.gov.br;true;false;
conduzir-avaliacao-de-escopo;753;Conduzir avaliação de escopo;
        ;http://decomdigital.mdic.gov.br;
Telefone: (61) 2027-7000
Endereço Eletrônico: http://www.mdic.gov.br;true;false;
conceder-licenca-de-importacao;752;Conceder Licença de Importação;
        ;Resposta via sistema;
Telefone: (61) 2027-7000
Endereço Eletrônico: http://www.mdic.gov.br;true;false;
2033;80;Cadastro Único para Programas Sociais do Governo Federal;CadÚnico;Mesmo local da etapa anterior;
Endereço: Ed. The Union – SMAS – Setor de Múltiplas Atividades Sul – Trecho 3 – Lote 1 – Ao lado da Leroy Merlin - 2º Andar - Gabinete Senarc – CEP: 71215-300 – Brasília – DF;true;false;
conduzir-revisao-de-restituicao-de-direito-antidumping;763;Conduzir revisão de restituição de direito antidumping;
        ;As notificações são encaminhadas por ofício, via correspondência, para o usuário e demais partes interessadas.;
Telefone: (61) 2027-7000
Endereço Eletrônico: http://www.mdic.gov.br;true;false;
conduzir-procedimento-de-redeterminacao;758;Conduzir procedimento de redeterminação;
        ;http://decomdigital.mdic.gov.br;
Telefone: (61) 2027-7000
Endereço Eletrônico: http://www.mdic.gov.br;true;false;
controlar-cotas-de-exportacao;766;Controlar cotas de exportação;
        ;http://www.mdic.gov.br/AcessoALinksExternos/siscomex/siscmx.html;
Telefone: (61) 2027-7000
Endereço Eletrônico: http://www.mdic.gov.br;true;false;
conduzir-investigacoes-de-dumping;755;Conduzir investigações de dumping;
        ;
                            ;
Telefone: (61) 2027-7000
Endereço Eletrônico: http://www.mdic.gov.br;true;false;
consumidor-gov-br;759;Consumidor.gov.br;
        ;https://www.consumidor.gov/;consumidor.gov.br-Fale Conosco;true;false;
conduzir-revisao-do-direito-antidumping-por-alteracao-das-circunstancias;765;Conduzir revisão do direito antidumping por alteração das circunstâncias;
        ;As notificações são encaminhadas por ofício, via correspondência, para o usuário e demais partes interessadas.;
Telefone: (61) 2027-7000
Endereço Eletrônico: http://www.mdic.gov.br;true;false;
disponibilizar-informacoes-sobre-a-tarifa-externa-comum-e-suas-excecoes;770;Disponibilizar informações sobre a Tarifa Externa Comum e suas exceções;
        ;http://www.mdic.gov.br;
Telefone: (61) 2027-7000
Endereço Eletrônico: http://www.mdic.gov.br;true;false;
disponibilizar-documentos-relativos-aos-acordos-comerciais-firmados-pelo-brasil;769;Disponibilizar documentos relativos aos acordos comerciais firmados pelo Brasil;
        ;http://www.mdic.gov.br;
Telefone: (61) 2027-7000
Endereço Eletrônico: http://www.mdic.gov.br;true;false;
difundir-a-cultura-exportadora-por-meio-de-treinamentos-presenciais-e-gratuitos-realizados-em-todas-as-unidades-da-federacao;768;Difundir a cultura exportadora por meio de treinamentos presenciais e gratuitos realizados em todas as Unidades da Federação;
        ;Presencial em sala de aula, laboratório de informática e, também, auditório, no caso do Curso Básico de Exportação. 
Endereço: o local de cada atividade depende das parcerias locais estabelecidas no âmbito do PNCE.;
Telefone: (61) 2027-7000
Endereço Eletrônico: http://www.mdic.gov.br;true;false;
conduzir-revisao-de-direito-antidumping-ao-final-do-periodo-de-sua-aplicacao;761;Conduzir revisão de direito antidumping ao final do período de sua aplicação;
        ;As notificações são encaminhadas por ofício, via correspondência, para o usuário e demais partes interessadas.;
Telefone: (61) 2027-7000
Endereço Eletrônico: http://www.mdic.gov.br;true;false;
conduzir-revisao-do-direito-antidumping-para-novos-exportadores;764;Conduzir revisão do direito antidumping para novos exportadores;
        ;As notificações são encaminhadas por ofício, via correspondência, para o usuário e demais partes interessadas.;
Telefone: (61) 2027-7000
Endereço Eletrônico: http://www.mdic.gov.br;true;false;
desenvolver-acoes-em-conjunto-com-instituicoes-parceiras-para-auxiliar-empresas-durante-o-processo-de-exportacao;767;Desenvolver ações, em conjunto com instituições parceiras, para auxiliar empresas durante o processo de exportação;PNCE;http://www.pnce.mdic.gov.br;
Telefone: (61) 2027-7000
Endereço Eletrônico: http://www.mdic.gov.br;true;false;
outorgar-atos-concessorios-de-drawback-isencao;789;Outorgar Atos Concessórios de Drawback Isenção;
        ;http://www.mdic.gov.br/AcessoALinksExternos/siscomex/siscmx.html;
Telefone: (61) 2027-7000
Endereço Eletrônico: http://www.mdic.gov.br;true;false;
promover-a-integracao-do-setor-publico-com-o-privado-mediante-eventos-presenciais-sobre-temas-de-interesse-de-potenciais-exportadores;792;Promover a integração do setor público com o privado mediante eventos presenciais sobre temas de interesse de potenciais exportadores;
        ;
                            ;
Telefone: (61) 2027-7000
Endereço Eletrônico: http://www.mdic.gov.br;true;false;
habilitar-ao-programa-de-incentivo-a-inovacao-tecnologica-e-adensamento-da-cadeia-produtiva-de-veiculos-automotores;794;Habilitar ao Programa de Incentivo à Inovação Tecnológica e Adensamento da Cadeia Produtiva de Veículos Automotores.;Inovar-Auto;Uma via do termo de compromisso fica no Mdic e a outra via é encaminhada à empresa.;Coordenação-Geral do Complexo Automotivo do Departamento das Indústrias para a Mobilidade e Logística da Secretaria de Desenvolvimento e Competitividade Industrial..
(61) 2027 - 7920;true;false;
examinar-pleitos-de-fixacao-de-novos-processos-produtivos-basicos-ppb-ou-alteracao-dos-ja-existentes;798;Examinar pleitos de fixação de novos Processos Produtivos Básicos (PPB) ou alteração dos já existentes.;PPB;cgel.ppb@mdic.gov.br;Coordenação-Geral do Complexo Eletroeletrônico (CGEL) do Departamento de Investimentos e Complexos Tecnológicos (DEICT).
(61) 2027 - 7905;true;false;
divulgar-na-internet-as-empresas-brasileiras-e-seus-produtos-e-servicos-no-mercado-internacional;777;Divulgar na internet as empresas brasileiras e seus produtos e serviços no mercado internacional;
        ;http://www.vitrinedoexportador.gov.br;
Telefone: (61) 2027-7000
Endereço Eletrônico: http://www.mdic.gov.br;true;false;
divulgar-relatorios-bases-de-dados-e-informacoes-diversas-sobre-as-estatisticas-brasileiras-de-comercio-exterior;778;Divulgar relatórios, bases de dados e informações diversas sobre as estatísticas brasileiras de comércio exterior;
        ;CGET@mdic.gov.br;
Telefone: (61) 2027-7000
Endereço Eletrônico: http://www.mdic.gov.br;true;false;
habilitar-usuario-no-regime-automotivo-ace-14-para-usufruto-de-reducao-em-tarifas-de-importacao;784;Habilitar usuário no Regime Automotivo (ACE 14) para usufruto de redução em tarifas de importação.;
        ;
Telefone: (61) 2027-7000
Endereço Eletrônico: http://www.mdic.gov.br;
Telefone: (61) 2027-7000
Endereço Eletrônico: http://www.mdic.gov.br;true;false;
verificar-o-cumprimento-do-compromisso-assumido-nos-atos-concessorios-de-drawback-suspensao;795;Verificar o cumprimento do compromisso assumido nos Atos Concessórios de Drawback Suspensão;
        ;http://www.mdic.gov.br/AcessoALinksExternos/siscomex/siscmx.html;
Telefone: (61) 2027-7000
Endereço Eletrônico: http://www.mdic.gov.br;true;false;
emitir-certidao-de-antecedentes-criminais;788;Emitir Certidão de Antecedentes Criminais;
        ;
                            ;
        ;true;false;
emitir-certificado-de-cota-acucar-para-uniao-europeia;779;Emitir Certificado de Cota Açúcar para União Europeia;
        ;
Telefone: (61) 2027-7000
Endereço Eletrônico: http://www.mdic.gov.br;
Telefone: (61) 2027-7000
Endereço Eletrônico: http://www.mdic.gov.br;true;false;
habilitar-em-regime-de-ex-tarifario-para-bens-de-capital-bk-ou-bens-de-informatica-e-telecomunicacoes-bit;780;Habilitar em regime de Ex-tarifário para bens de capital (BK) ou bens de informática e telecomunicações (BIT);Ex-tarifário.;Endereço: Esplanada dos Ministérios, Bloco J, andar térreo, Brasília, DF, CEP 70.053.900;
sdp.extarifario@mdic.gov.br;true;false;
emitir-certificado-de-cota-leite-para-colombia;781;Emitir Certificado de Cota Leite para Colômbia;
        ;
Telefone: (61) 2027-7000
Endereço Eletrônico: http://www.mdic.gov.br;
Telefone: (61) 2027-7000
Endereço Eletrônico: http://www.mdic.gov.br;true;false;
emitir-registros-de-exportacao;783;Emitir Registros de Exportação;RE;http://www.mdic.gov.br/AcessoALinksExternos/siscomex/siscmx.html;
Telefone: (61) 2027-7000
Endereço Eletrônico: http://www.mdic.gov.br;true;false;
outorgar-atos-concessorios-de-drawback-fornecimento-no-mercado-interno;787;Outorgar Atos Concessórios de Drawback Fornecimento no Mercado Interno;
        ;http://www.mdic.gov.br/AcessoALinksExternos/siscomex/siscmx.html;
Telefone: (61) 2027-7000
Endereço Eletrônico: http://www.mdic.gov.br;true;false;
consultar-regularidade-de-empresa-de-seguranca;786;Consultar Regularidade de Empresa de Segurança;
        ;
                            ;
        ;true;false;
2140;793;Retificar Licenças de Importação após o desembaraço da mercadoria;
        ;
                            ;
Telefone: (61) 2027-7000
Endereço Eletrônico: http://www.mdic.gov.br;true;false;
outorgar-atos-concessorios-de-drawback-suspensao;791;Outorgar Atos Concessórios de Drawback Suspensão;
        ;http://www.mdic.gov.br/AcessoALinksExternos/siscomex/siscmx.html;
Telefone: (61) 2027-7000
Endereço Eletrônico: http://www.mdic.gov.br;true;false;
emitir-registros-de-credito;782;Emitir Registros de Crédito;RC;http://www.mdic.gov.br/AcessoALinksExternos/siscomex/siscmx.html;
Telefone: (61) 2027-7000
Endereço Eletrônico: http://www.mdic.gov.br;true;false;
validar-certidao-de-antecedentes-criminais;790;Validar Certidão de Antecedentes Criminais;
        ;
                            ;
        ;true;false;
examinar-pleitos-de-empresas-para-fruicao-dos-beneficios-fiscais-da-lei-de-informatica;797;Examinar pleitos de empresas para fruição dos benefícios fiscais da Lei de Informática.;
        ;cgel.habilitacao@mdic.gov.br;Coordenação-Geral do Complexo Eletroeletrônico do Departamento de Investimentos e Complexos Tecnológicos.
(61) 2027 - 7905;true;false;
outorgar-atos-concessorios-de-drawback-embarcacao;785;Outorgar Atos Concessórios de Drawback Embarcação;
        ;http://www.mdic.gov.br/AcessoALinksExternos/siscomex/siscmx.html;
Telefone: (61) 2027-7000
Endereço Eletrônico: http://www.mdic.gov.br;true;false;
conduzir-revisao-anticircunvencao;760;Conduzir revisão anticircunvenção;
        ;As notificações são encaminhadas por ofício, via correspondência, para o usuário e demais partes interessadas.;
Telefone: (61) 2027-7000
Endereço Eletrônico: http://www.mdic.gov.br;true;false;
divulgar-estatisticas-do-comercio-exterior-brasileiro-por-meio-de-relatorios-com-informacoes-parametrizadas-pelo-usuario;734;Divulgar estatísticas do Comércio Exterior Brasileiro por meio de relatórios com informações parametrizadas pelo usuário.;
        ;http://aliceweb.mdic.gov.br;
Telefone: (61) 2027-7000
Endereço Eletrônico: http://www.mdic.gov.br;true;false;
disponibilizar-informacoes-sobre-preferencias-tarifarias-no-ambito-dos-acordos-comerciais-firmados-pelo-pais;772;Disponibilizar informações sobre preferências tarifárias no âmbito dos acordos comerciais firmados pelo país;
        ;http://www.mdic.gov.br;
Telefone: (61) 2027-7000
Endereço Eletrônico: http://www.mdic.gov.br;true;false;
conduzir-revisao-de-medida-compensatoria-ao-final-do-periodo-de-sua-aplicacao;762;Conduzir revisão de medida compensatória ao final do período de sua aplicação;
        ;
Telefone: (61) 2027-7000
Endereço Eletrônico: http://www.mdic.gov.br;
Telefone: (61) 2027-7000
Endereço Eletrônico: http://www.mdic.gov.br;true;false;
conduzir-investigacoes-de-salvaguarda;756;Conduzir investigações de salvaguarda;
        ;O usuário não precisa realizar nenhuma atividade nessa etapa, cabendo-lhe apenas receber os documentos emitidos pelo DECOM.;
Telefone: (61) 2027-7000
Endereço Eletrônico: http://www.mdic.gov.br;true;false;
conceder-beneficio-de-reducao-a-zero-do-imposto-de-renda-para-operacoes-de-promocao-comercial-de-produtos-e-servicos;749;Conceder benefício de redução a zero do Imposto de Renda para operações de promoção comercial de produtos e serviços;SISPROM;
                            ;
Telefone: (61) 2027-7000
Endereço Eletrônico: http://www.mdic.gov.br;true;false;
analisar-licencas-de-importacao-de-bens-usados-ou-sujeitos-a-exame-de-similaridade;743;Analisar licenças de importação de bens usados ou sujeitos a exame de similaridade.;
        ;Esplanada dos Ministérios Bloco J - Zona Cívico-Administrativa, Brasília - DF, 70053-900;
Telefone: (61) 2027-7000
Endereço Eletrônico: http://www.mdic.gov.br;true;false;
divulgar-exposicoes-e-feiras-de-negocios-de-produtos-e-servicos-no-pais;737;Divulgar exposições e feiras de negócios de produtos e serviços no País.;Expofeiras;http://www.expofeiras.gov.br;
2027-7214
calendario.scs@mdic.gov.br;true;false;
avaliacao-dos-programas-de-pos-graduacao-no-brasil;812;Avaliação dos Programas de Pós-Graduação no Brasil;
        ;www.capes.gov.br/cursos-recomendados;(www.capes.gov.br/faleconosco);true;false;
concessao-de-bolsas-de-pos-graduacao-no-exterior;809;Concessão de Bolsas de Pós-Graduação no Exterior;
        ;http://www.capes.gov.br/editais-abertos;(www.capes.gov.br/faleconosco);true;false;
concessao-de-bolsas-de-pos-graduacao-mestrado-e-doutorado-no-pais;810;Concessão de Bolsas de Pós-Graduação (Mestrado e Doutorado) no País;
        ;http://www.capes.gov.br/bolsas/bolsas-no-pais;(www.capes.gov.br/faleconosco);true;false;
disponibilizacao-de-periodicos-cientificos;811;Disponibilização de periódicos científicos;
        ;www.periodicos.capes.gov.br;(www.capes.gov.br/faleconosco);true;false;
cadastrar-empresas-que-utilizam-amianto;834;Cadastrar empresas que utilizam Amianto;
        ;Endereço informado da sede da empresa;Departamento de Segurança e Saúde no Trabalho (Secretaria de Inspeção do Trabalho)
* Fone: (61) 2031-6689;true;false;
2180;815;Pedir Naturalização Especial;
        ;Procurar consulado do seu país de origem.;E-mail: processos.migracoes@mj.gov.br;false;false;
download-de-programas-e-declaracoes-da-receita-federal;364;Download de Programas e Declarações da Receita Federal;
        ;http://www.receita.fazenda.gov.br/pessoafisica/irpf/2011/declaracao/download-programas.htm;
        ;false;false;
pedir-naturalizacao-extraordinaria;813;Pedir Naturalização Extraordinária;
        ;Órgão da Justiça Federal mais próximo da residência do estrangeiro.;E-mail: processos.migracoes@mj.gov.br;false;false;
emitir-certidao-de-debitos-e-consulta-de-autos-de-infracao;835;Emitir Certidão de débitos e Consulta de autos de infração;
        ;http://consultacpmr.mte.gov.br/ConsultaCPMR/;Secretaria de Inspeção do Trabalho
* Fone: (61) 2031-6909 (de 08h às 12h e de 14h às 18h);true;false;
registrar-acordo-coletivo-de-trabalho;826;Registrar acordo coletivo de trabalho;ACT;http://www3.mte.gov.br/sistemas/mediador/ConsultarInstColetivo;
* E-mail: cgrt.srt@mte.gov.br;true;false;
pedir-naturalizacao-provisoria;814;Pedir Naturalização Provisória;
        ;O Departamento de Migrações enviará o Certificado Provisório de Naturalização  para o endereço cadastrado pelo solicitante.;E-mail: processos.migracoes@mj.gov.br;false;false;
obter-certidao-declaratoria-de-transporte-de-trabalhadores;836;Obter Certidão Declaratória de Transporte de Trabalhadores;CDTT;Superintendências Regionais do Trabalho e Emprego e Gerências Regionais de Trabalho e Emprego;Superintendências Regionais do Trabalho e Emprego e Gerências Regionais de Trabalho e Emprego;true;false;
encontrar-emprego-no-servico-de-intermediacao-de-mao-de-obra-do-sine;837;Encontrar emprego no Serviço de Intermediação de Mão de Obra do SINE;
        ;[Postos de Atendimento do SINE](http://trabalho.gov.br/images/Documentos/SINE/postos-sine-jan2016.pdf);(http://trabalho.gov.br/images/Documentos/SINE/postos-sine-jan2016.pdf);true;false;
registrar-empresa-de-trabalho-temporario;381;Registrar Empresa de Trabalho Temporário;SIRETT;http://www3.mte.gov.br/internet/sirett/contratoTrabalho/autenticarEmpresa.asp?acao=incluirEstudoMercado;Contato Telefônico: (61) 2031.6886 (08h às 12h e 14h às 18h)

E-mail: sirett.cgrt@mte.gov.br;true;false;
2211;816;Solicitar Prorrogação do Prazo de Estada no Brasil;
        ;
                            ;
        ;false;false;
2325;828;Obter Certificado de Aprovação de Equipamento de Proteção Individual;CA;Endereço da empresa cadastrado junto à Receita Federal.;
* Endereço: Esplanada dos Ministérios Bloco F, Ed. Anexo, Ala B, Brasília-DF
* CEP: 70056-900,;true;false;
registro-profissional;830;Registro Profissional;
        ;http://sirpweb.mte.gov.br/sirpweb/pages/impressoes/emitircartao/profissional/main.seam;[Endereços de contato](http://sirpweb.mte.gov.br/sirpweb/Fale_conosco.pdf);true;false;
registro-de-contratante;829;Registro de Contratante;
        ;http://sirpweb.mte.gov.br/sirpweb/pages/impressoes/emitircartao/contratante/main.seam;[Endereços de contato](http://sirpweb.mte.gov.br/sirpweb/Fale_conosco.pdf);true;false;
obter-a-autorizacao-de-trabalho-a-estrangeiros;142;Obter a Autorização de Trabalho a Estrangeiros;
        ;E-mail cadastrado por você no sistema MIGRANTEWEB.;Coordenação Geral de Imigração
* Fone: (61) 2031-6216 (08h às 12h e 14h às 18h);false;false;
realizar-a-comunicacao-previa-de-obras;827;Realizar a Comunicação Prévia de Obras;SCPO;https://scpo.mte.gov.br//;DEPARTAMENTO DE SEGURANÇA E SAÚDE NO TRABALHO
* Fone: (61) 2031 3048 (08h às 12h e 14h às 18h);true;false;
solicitar-restabelecimento-de-permanencia-definitiva;843;Solicitar Restabelecimento de Permanência Definitiva;
        ;
- Na Secretaria de Estado das Relações Exteriores (excepcionalmente).;
        ;false;false;
programa-nacional-de-apoio-a-cultura;850;Programa Nacional de Apoio à Cultura;PRONAC/MinC;pronac@iphan.gov.br;pronac@iphan.gov.br;true;false;
biblioteca-do-iphan-ceara;863;Biblioteca do IPHAN – Ceará;
        ;biblioteca.ce@iphan.gov.br;
Por e-mail: biblioteca.ce@iphan.gov.br;true;false;
2421;839;Fazer o Exame Nacional do Ensino Médio;ENEM;[Em breve](http://enem.inep.gov.br/aplicativo.html);
        ;false;false;
servico-militar-obrigatorio-alistamento-militar;55;Serviço Militar Obrigatório - Alistamento Militar;SMO;O cidadão deverá se apresentar nas Organização Militares designadas durante as seleções complementares.;
* [Site alistamento online](http://www.alistamento.eb.mil.br/) #disponível apenas para algumas regiões.;true;false;
2247;822;Entregar a Relação Anual de Informações Sociais;RAIS;http://www.rais.gov.br/sitio/recibo_identificacao.jsf;
* E-mail: rais.sppe@mte.gov.br
* Telefone: (61) 2031-6667;true;false;
homologar-plano-de-cargos-e-salarios;819;Homologar Plano de Cargos e Salários;PCS;O usuário deverá consultar o Diário Oficial da União;Seção de relações do trabalho - (61) 2031 3028 (08h às 12h, 14h às 18);true;false;
cadastrar-se-como-empresa-fabricante-de-registro-de-ponto-eletronico;821;Cadastrar-se como empresa fabricante de registro de ponto eletrônico;CAREP;http://carep.mte.gov.br/sistemas/carep/login/login.asp;Secretaria de Inspeção do Trabalho
Telefone: (61) 2031-4088 (de 08h às 12h e de 14h às 18h);true;false;
entregar-a-declaracao-mensal-para-o-cadastro-geral-de-empregados-e-desempregados;824;Entregar a declaração mensal para o Cadastro Geral de Empregados e Desempregados;CAGED;http://idg.receita.fazenda.gov.br/interface/lista-de-servicos/pagamentos-e-parcelamentos/pagamento/emissao-de-darf;
* Correspondência para: Ministério do Trabalho e Emprego - Secretaria de Políticas Públicas de Emprego - Departamento de Emprego e Salário - Coordenação-Geral de Estatísticas do Trabalho - Esplanada dos Ministérios, Bloco “F”, Edifício-Anexo, Ala “B” – Sala 211
CEP:70059-900 – Brasília/DF.;true;false;
solicitar-transformacao-da-residencia-temporaria-em-permanente;817;Solicitar transformação da residência temporária em permanente;
        ;O solicitante deve se dirigir a uma Unidade da Polícia Federal com o formulário para registro devidamente preenchido e impresso, com as taxas recolhidas e com todos os documentos solicitados.
(Consulte a Unidade mais próxima de você)[http://www.pf.gov.br/institucional/unidades/superintendencias-e-delegacias];
        ;false;false;
cadastrar-entidades-e-cursos-no-cadastro-nacional-de-aprendizagem-profissional;825;Cadastrar entidades e cursos no Cadastro Nacional de Aprendizagem Profissional;CNAP;http://www.juventudeweb.mte.gov.br/;Departamento de Políticas e Empregabilidade
fone: (61) 2031 6816 (08h às 12h e 14h às 18h);true;false;
2238;303;Homologar Rescisão de Contrato de Trabalho;TRCT;Agência do MTE onde a visita foi agendada na etapa anterior.;Central 158;true;false;
2468;844;Solicitar permanência a vítimas de tráfico de pessoas;
        ;(Consulte a Unidade mais próxima de você)[http://www.pf.gov.br/institucional/unidades/superintendencias-e-delegacias];
        ;true;false;
disponibilizar-informacoes-sobre-os-procedimentos-operacionais-da-exportacao;771;Disponibilizar informações sobre os procedimentos operacionais da exportação;
        ;http://www.aprendendoaexportar.gov.br.;
Telefone: (61) 2027-7000
Endereço Eletrônico: http://www.mdic.gov.br;true;false;
cadastrar-se-no-programa-de-alimentacao-do-trabalhador;820;Cadastrar-se no Programa de Alimentação do Trabalhador;PAT;O comprovante será enviado para o endereço da sede da empresa, conforme informado no cadastro.;Divisão do Programa de Alimentação do Trabalhador - 
(61) 2031-6613 (de 08h às 12h e de 14h às 18h).;true;false;
divulgar-informacoes-gerais-e-detalhadas-sobre-exportacao-importacao-e-investimento-de-orgaos-intervenientes-de-comercio-exterior;776;Divulgar informações gerais e detalhadas sobre exportação, importação e investimento de órgãos intervenientes de comércio exterior;
        ;http://www.investexportbrasil.gov.br;
Telefone: (61) 2027-7000
Endereço Eletrônico: http://www.mdic.gov.br;true;false;
solicitar-residencia-temporaria-por-reuniao-familiar;842;Solicitar residência temporária por reunião familiar;
        ;O solicitante deve se dirigir a uma Unidade da Polícia Federal.
(Consulte a Unidade mais próxima de você);
        ;false;false;
valoracao-do-patrimonio-cultural-ferroviario;846;Valoração do Patrimônio Cultural Ferroviário;
        ;Por ofício: Dirigido à Superintendência do IPHAN no estado em que o bem se localiza, ou à Presidência do
IPHAN.;
        ;true;false;
apoio-e-fomento-a-bens-culturais-registrados;852;Apoio e Fomento a Bens Culturais Registrados;
        ;Por ofício: Dirigido à Direção do Departamento de Patrimônio Imaterial – DPI, ou à Superintendência do IPHAN no estado em que o bem se localiza.;
        ;true;false;
inventario-nacional-de-referencias-culturais;854;Inventário Nacional de Referências Culturais;INRC;cgir@iphan.gov.br;
        ;true;false;
biblioteca-do-iphan-santa-catarina;872;Biblioteca do IPHAN – Santa Catarina;
        ;iphan-sc@iphan.gov.br;
Por e-mail: iphan-sc@iphan.gov.br;false;false;
cadastramento-de-bens-arqueologicos;848;Cadastramento de Bens Arqueológicos;
        ;Por ofício: Dirigido à Superintendência do IPHAN no estado em que o bem se localiza, ou ao CNA, em Brasília.;
        ;true;false;
centro-lucio-costa;856;Centro Lucio Costa;CLC;centro.luciocosta@iphan.gov.br;
Virtual: http://portal.iphan.gov.br, ou Por e-mail: centro.luciocosta@iphan.gov.br;true;false;
biblioteca-do-iphan-maranhao;864;Biblioteca do IPHAN – Maranhão;
        ;iphan-ma@iphan.gov.br;
Por e-mail: iphan-ma@iphan.gov.br
Horário de atendimento: De segunda a sexta-feira, das 8h às 12h e das 14h às 18h.;true;false;
biblioteca-do-iphan-minas-gerais;865;Biblioteca do IPHAN – Minas Gerais;
        ;iphan-mg@iphan.gov.br;
Por e-mail: iphan-mg@iphan.gov.br;true;false;
educacao-patrimonial;855;Educação Patrimonial;
        ;Dirigido ao IPHAN/Departamento de Articulação e Fomento – DAF/ Coordenação de Educação Patrimonial - SEPS 713/913, Lote D, 4º andar, Edifício IPHAN, Asa Sul, Brasília-DF, CEP: 70.390-135.;
Virtual: http://portal.iphan.gov.br
Por ofício: Dirigido ao IPHAN/Departamento de Articulação e Fomento – DAF/ Coordenação de Educação Patrimonial - SEPS 713/913, Lote D, 4º andar, Edifício IPHAN, Asa Sul, Brasília-DF, CEP: 70.390-135.;true;false;
registro-de-bens-culturais-de-natureza-imaterial;849;Registro de Bens Culturais de Natureza Imaterial;
        ;Por ofício: Dirigido prioritariamente à Superintendência do IPHAN no estado onde o bem se localiza, ou à Presidência do IPHAN.;
        ;true;false;
tombamento-de-bens-culturais-de-natureza-material;845;Tombamento de Bens Culturais de Natureza Material;
        ;Por ofício: Dirigido à Superintendência do IPHAN no estado em que o bem se localiza, ou à Presidência do IPHAN, ou ainda ao Ministério da Cultura.;
        ;true;false;
biblioteca-do-iphan-rio-de-janeiro;871;Biblioteca do IPHAN – Rio de Janeiro;
        ;ouvidoria.rj@iphan.gov.br;
Por e-mail: ouvidoria.rj@iphan.gov.br;false;false;
autorizacao-para-realizacao-de-pesquisas-arqueologicas;857;Autorização para Realização de Pesquisas Arqueológicas;
        ;Por ofício: Dirigido à Superintendência do IPHAN no estado onde o projeto se realizará ou ao CNA, no caso de projetos em mais de um estado.;
        ;true;false;
arquivo-central-do-iphan-secao-rio-de-janeiro;859;Arquivo Central do IPHAN – Seção Rio de Janeiro;
        ;arquivo.central.rio@iphan.gov.br;
        ;true;false;
banco-de-dados-de-bens-culturais-procurados;879;Banco de Dados de Bens Culturais Procurados;BCP;Disponível no http://portal.iphan.gov.br/consultaPublicaBCP/index.jsf;Presencial: Na Superintendência do IPHAN em seu estado, ou na Sede do IPHAN, em Brasília.
Virtual: Disponível no http://portal.iphan.gov.br/consultaPublicaBCP/index.jsf;true;false;
mestrado-profissional-em-preservacao-do-patrimonio-cultural;858;Mestrado Profissional em Preservação do Patrimônio Cultural;PEP-MP;mestrado.pep@iphan.gov.br;
Virtual: http://portal.iphan.gov.br | Por e-mail: mestrado.pep@iphan.gov.br;true;false;
cadastro-nacional-de-sitios-arqueologicos;877;Cadastro Nacional de Sítios Arqueológicos;CNSA;http://portal.iphan.gov.br/portal/montaPaginaSGPA.do;Por ofício: Dirigido ao Centro Nacional de Arqueologia – CNA.
Virtual: http://portal.iphan.gov.br/portal/montaPaginaSGPA.do;true;false;
nucleo-de-distribuicao-de-publicacoes;860;Núcleo de Distribuição de Publicações;
        ;publicacoes@iphan.gov.br;
Tempo para prestação do serviço: Até quinze dias úteis, para entrega das publicações solicitadas;true;false;
autorizacao-para-exportacao-temporaria-de-bens-culturais-protegidos;883;Autorização para Exportação Temporária de Bens Culturais Protegidos;
        ;Por ofício: Dirigido à Superintendência do IPHAN em seu estado.;
        ;true;false;
avaliacao-de-impacto-aos-bens-culturais-acautelados-no-ambito-do-licenciamento-ambiental;866;Avaliação de Impacto aos Bens Culturais Acautelados no Âmbito do Licenciamento Ambiental;
        ;Por ofício: Dirigido à Superintendência do IPHAN no estado onde a atividade ou empreendimento se realizará, ou ao IPHAN-Sede, nos casos previstos no art. 7º da Lei Complementar nº 180/2011 (http://www.planalto.gov.br/ccivil_03/Constituicao/Constituicao.htm#art23p).;
        ;true;false;
autorizacao-para-saida-de-obras-de-arte-do-pais;884;Autorização para Saída de Obras de Arte do País;
        ;Por ofício: Dirigido à Superintendência do IPHAN em seu estado.;
        ;true;false;
biblioteca-almeida-cunha-pernambuco;869;Biblioteca Almeida Cunha – Pernambuco;
        ;biblioteca.pe@iphan.gov.br;
Por e-mail: biblioteca.pe@iphan.gov.br;true;false;
banco-de-dados-de-bens-culturais-registrados;880;Banco de Dados de Bens Culturais Registrados;BCR;http://www.iphan.gov.br/bcrE/pages/indexE.jsf;Presencial: Na Superintendência do IPHAN em seu estado, ou no Escritório Técnico em sua cidade, para consulta on-line.
Virtual: http://www.iphan.gov.br/bcrE/pages/indexE.jsf;false;false;
biblioteca-do-iphan-parana;867;Biblioteca do IPHAN – Paraná;
        ;Rua José de Alencar, nº 1.808, Juvevê, Curitiba-PR, CEP: 80.040-070.;
Por e-mail: biblioteca.10sr@iphan.gov.br;true;false;
programa-educativo-do-centro-nacional-de-folclore-e-cultura-popular;853;Programa Educativo do Centro Nacional de Folclore e Cultura Popular;CNFCP;Por ofício: Dirigido ao Acervo Sonoro-Visual do CNFCP - Rua do Catete, nº 179, Catete, Rio de Janeiro-RJ, CEP: 22.220-000.;
22.220-000;true;false;
cadastro-nacional-de-negociantes-de-antiguidades-e-obras-de-arte;878;Cadastro Nacional de Negociantes de Antiguidades e Obras de Arte;CNART;http://cnart.iphan.gov.br/cnart/cadastro.seam?cid=61033;Presencial: Na Superintendência do IPHAN em seu estado, ou na Sede do IPHAN, em Brasília.
Virtual: http://cnart.iphan.gov.br/cnart/cadastro.seam?cid=61033;true;false;
biblioteca-parayba-paraiba;868;Biblioteca Parayba – Paraíba;
        ;iphan-pb@iphan.gov.br;
Por e-mail: iphan-pb@iphan.gov.br;true;false;
sala-de-pesquisa-e-leitura-luis-saia-sao-paulo;873;Sala de Pesquisa e Leitura Luis Saia – São Paulo;
        ;biblioteca.9sr@iphan.gov.br;
Virtual: iphansp.phlnet.net | Por e-mail: biblioteca.9sr@iphan.gov.br;false;false;
lista-do-patrimonio-cultural-ferroviario;881;Lista do Patrimônio Cultural Ferroviário;LPCF;http://portal.iphan.gov.br;Presencial: Na Superintendência do IPHAN em seu estado, ou no Escritório Técnico em sua cidade.
Virtual: http://portal.iphan.gov.br;true;false;
acervo-sonoro-visual-do-centro-nacional-de-folclore-e-cultura-popular;875;Acervo Sonoro-Visual do Centro Nacional de Folclore e Cultura Popular;CNFCP;Por ofício: Dirigido ao Acervo Sonoro-Visual do CNFCP - Rua do Catete, nº 179, Catete, Rio de Janeiro-RJ, CEP: 22.220-000.;
Por ofício: Dirigido ao Acervo Sonoro-Visual do CNFCP - Rua do Catete, nº 179, Catete, Rio de Janeiro-RJ,
CEP: 22.220-000.;true;false;
arquivo-central-do-iphan-secao-brasilia-arquivo-aloisio-magalhaes;870;Arquivo Central do IPHAN – Seção Brasília (Arquivo Aloísio Magalhães);
        ;arquivo.central.bsb@iphan.gov.br;
        ;true;false;
inscrever-se-no-portal-emprega-brasil;887;Inscrever-se no Portal Emprega Brasil;
        ;https://mte.api.dataprev.gov.br/auth/login?loginwith=pat;(http://ouvidoria.mte.gov.br/sisouvidor/autoatendimento/cadastro/formularioMensagem.jsp);true;false;
autorizacao-de-acesso-a-conhecimentos-tradicionais-associados-cta;882;Autorização de Acesso a Conhecimentos Tradicionais Associados – CTA;CTA;dpi@iphan.gov.br;Por ofício: Dirigido à Sede do IPHAN / Departamento do Patrimônio Imaterial – DPI.
Por e-mail: dpi@iphan.gov.br;true;false;
2507;712;Solicitar Permanência;
        ;O solicitante deve se dirigir a Unidade da Polícia Federal mais próxima do endereço informado na solicitação
(Consulte a Unidade mais próxima de você)[http://www.pf.gov.br/institucional/unidades/superintendencias-e-delegacias];processos.migracoes@mj.gov.br;false;false;
autorizacao-para-intervencoes-em-bens-imoveis-tombados;874;Autorização para Intervenções em Bens Imóveis Tombados;
        ;Na Superintendência do IPHAN em seu estado, ou no Escritório Técnico do IPHAN em sua cidade.;
        ;true;false;
emissao-de-certidao-de-autodefinicao-de-comunidades-remanescentes-dos-quilombos;885;Emissão de Certidão de Autodefinição de Comunidades  Remanescentes dos Quilombos;
        ;
quilombo@palmares.gov.br
Fone: (61) 34240110 /34240101/0100;
quilombo@palmares.gov.br
Fone: (61) 34240110 /34240101/0100;true;false;
biblioteca-noronha-santos-rio-de-janeiro;861;Biblioteca Noronha Santos – Rio de Janeiro;
        ;bns.pgc@iphan.gov.br;
Telefone: (21) 2215-5276.
Por e-mail: bns.pgc@iphan.gov.br;true;false;
chancela-da-paisagem-cultural;847;Chancela da Paisagem Cultural;
        ;Por ofício: Dirigido à Superintendência do IPHAN no estado em que o bem se localiza, ou à Presidência do IPHAN.;
        ;true;false;
biblioteca-aloisio-magalhaes-brasilia;862;Biblioteca Aloísio Magalhães – Brasília;BAM;atendimento.bam@iphan.gov.br; Twitter: @biblioam; Blog: biblioam.wordpress.com;
Virtual: atendimento.bam@iphan.gov.br; Twitter: @biblioam; Blog: biblioam.wordpress.com;true;false;
inscrever-se-no-sisu-sistema-de-selecao-unificada;546;Inscrever-se no SISU (Sistema de Seleção Unificada);SISU;http://sisualuno.mec.gov.br/;token_aplicacao=e3lhqm5iVYbcOEfxMMvpBw#/Mjg0Mi1zZSwzNDI1LXNlLDQyMS1zbw==)
* Telefone: 0800-616161;true;false;
edital-do-programa-nacional-do-patrimonio-imaterial;851;Edital do Programa Nacional do Patrimônio Imaterial;PNPI;cgsg@iphan.gov.br;**Por ofício:** Dirigido ao IPHAN/Direção do Departamento de Patrimônio Imaterial – DPI, ou à Superintendência do IPHAN no estado em que se localiza.

**Por e-mail:** cgsg@iphan.gov.br;true;false;
registro-de-marca;886;Registro de marca;
        ;[Acompanhar](http://revistas.inpi.gov.br/rpi/);Fale Conosco: http://faleconosco.inpi.gov.br/faleconosco/

www.inpi.gov.br;false;false;
registro-de-desenho-industrial;890;Registro de Desenho Industrial;
        ;[Acompanhar](http://revistas.inpi.gov.br/rpi/);Fale Conosco: http://faleconosco.inpi.gov.br/faleconosco/

Site: www.inpi.gov.br;false;false;
restituir-declaracao-do-imposto-de-renda-pessoa-fisica-irpf;262;Restituir Declaração do Imposto de Renda Pessoa Física - IRPF;
        ;http://www.receita.fazenda.gov.br/Aplicacoes/Atrjo/ConsRest/Atual.app/paginas/index.asp;Acesse o [Fale Conosco](http://idg.receita.fazenda.gov.br/contato/fale-conosco/cidadao/dirf);true;false;
sinesp-cidadao;818;Sinesp CIDADÃO;
        ;https://www.sinesp.gov.br/sinesp-cidadao;
        ;true;false;
loja-virtual-da-fundacao-alexandre-de-gusmao-funag;894;Loja Virtual da Fundação Alexandre de Gusmão (FUNAG);
        ;http://www.funag.gov.br/loja/;
* E-mail: funag@funag.gov.br  /  funag@itamaraty.gov.br
* Horário de funcionamento: Seg a Sex das 8h às 18h;false;false;
1354;665;Solicitar qualificação como Organização da Sociedade Civil de Interesse Público;OSCIP;

Esplanada dos Ministérios, Brasília – DF

CEP: 70.064-900;sac.dejus@mj.gov.br;true;false;
atividades-culturais-e-pedagogicas-no-campo-das-relacoes-internacionais;895;Atividades Culturais e Pedagógicas no campo das Relações Internacionais;
        ;http://funag.gov.br/sisev/;
* E-mail: funag@funag.gov.br  /  funag@itamaraty.gov.br
* Horário de funcionamento: Seg a Sex das 8h às 18h;true;false;
boletim-informativo-e-editorial;896;Boletim Informativo e Editorial;
        ;information_id=7;
* E-mail: funag@funag.gov.br  /  funag@itamaraty.gov.br
* Horário de funcionamento: Seg a Sex das 8h às 18h;true;false;
solicitar-permanencia-de-carater-provisorio-a-titulo-especial-a-estrangeiros-em-cumprimento-de-pena-no-brasil;841;Solicitar permanência de caráter provisório a título especial a estrangeiros em cumprimento de pena no Brasil;
        ;O requerente deverá comparecer pessoalmente ao Departamento de Polícia Federal.;
        ;false;false;
biblioteca-digital-da-fundacao-alexandre-de-gusmao-funag;893;Biblioteca Digital da Fundação Alexandre de Gusmão (FUNAG);
        ;http://www.funag.gov.br/loja;
E-mail: funag@funag.gov.br  /  funag@itamaraty.gov.br
Horário de funcionamento: Seg a Sex das 8h às 18h;true;false;
validar-diploma-de-medicina-recebido-fora-do-pais;898;Validar diploma de medicina recebido fora do país;Revalida;Universidade escolhida para a revalidação na primeira inscrição no site do Revalida.;token_aplicacao=e3lhqm5iVYbcOEfxMMvpBw#/0);;false;false;
participacao-em-feiras-internacionais-de-turismo-embratur;418;Participação em feiras internacionais de turismo - EMBRATUR;
        ;http://scie.embratur.gov.br/scie/inicio.jsf;
Telefone: 61 2023 8632 
E-mail: inscricao.feiras@embratur.gov.br;false;false;
consultar-legislacao-tributaria-e-aduaneira;416;Consultar Legislação Tributária e Aduaneira.;
        ;https://idg.receita.fazenda.gov.br/acesso-rapido/legislacao;
        ;true;false;
optar-pelo-sistema-de-informacoes-juridico-tributarias-sijut;170;Optar pelo Sistema de Informações Jurídico-Tributárias - Sijut;
        ;https://cav.receita.fazenda.gov.br/eCAC/publico/login.aspx?sistema=05034;
        ;true;false;
consultar-interpretacao-da-legislacao-tributaria;225;Consultar Interpretação da Legislação Tributária.;
        ;https://idg.receita.fazenda.gov.br/contato/unidades-de-atendimento/unidades-de-atendimento;
        ;true;false;
gerar-codigo-de-acesso-parcelamento-mp-303-paex-e-timemania;595;Gerar Código de Acesso - Parcelamento MP 303 (Paex) e Timemania;
        ;https://www.receita.fazenda.gov.br/Aplicacoes/SSL/ATSPO/PAEX/PaexAdesao/PaexCodigoAcesso/PaexCodigoAcesso_P1.asp;
        ;true;false;
cadastrar-consultar-cancelar-procuracao-e-cac-eletronica;366;Cadastrar|Consultar|Cancelar Procuração e-CAC Eletrônica;
        ;https://cav.receita.fazenda.gov.br/eCAC/publico/login.aspx?sistema=05020;
        ;true;false;
2612;907;Tag nova;TN;dfdsfasfdsfsdfdsafasdfd;vfdgfsdgfdgfdgdfsgfdgsdfgfdgsfdgfsd;true;false;
consultar-sobre-solucoes-de-consultas-e-divergencia;435;Consultar sobre Soluções de Consultas e Divergência.;
        ;http://decisoes.fazenda.gov.br/netahtml/decisoes/decw/pesquisaSOL.htm;
        ;false;false;
cadastrar-ou-alterar-senha-de-auto-atendimento-previdenciario;361;Cadastrar ou Alterar Senha de Auto Atendimento Previdenciário;
        ;https://idg.receita.fazenda.gov.br/contato/unidades-de-atendimento;
        ;true;false;
gerar-codigo-de-acesso-ao-portal-e-cac;191;Gerar Código de Acesso ao Portal e-CAC;
        ;https://idg.receita.fazenda.gov.br/interface/atendimento-virtual/geracao-do-codigo-de-acesso-para-o-portal-e-cac;
        ;true;false;
consultar-classificacao-fiscal-de-mercadorias;906;Consultar Classificação Fiscal de Mercadorias;
        ;https://idg.receita.fazenda.gov.br/contato/unidades-de-atendimento;
        ;true;false;
solicitacao-de-restituicao-de-multa-dnit;911;Solicitação de restituição de Multa DNIT;
        ;Departamento Nacional de Infraestrutura de Transportes - DNIT - S.A.N. Quadra 03, Bloco A, Edifício Núcleo dos Transportes –  3º Andar, Sala 3269 CEP: 70040-902 – Brasília/DF.;0800 611 535;true;false;
obter-assessoria-juridica-para-questoes-indigenas;912;Obter assessoria jurídica para questões indígenas;
        ;procuradoria federal presentes nas unidades da federação;
        ;true;false;
pagar-debitos-a-orgaos-federais;913;Pagar Débitos a Órgãos Federais;
        ;os das PSFs, PFs  e PRFs;
        ;true;false;
obter-restituicao-e-retificacao-de-receita-recolhida-indevidamente;914;Obter restituição e retificação de receita recolhida indevidamente;
        ;SIG Quadra 06, Lote 800, Ed. Sede II – Sala 202 – D – CEP 70610-460, Brasília/DF;
        ;true;false;
participar-de-capacitacoes-da-agu;915;Participar de Capacitações da AGU;
        ;www.agu.gov.br/escola;
        ;true;false;
deposito-de-pedido-de-patente;889;Depósito de pedido de patente;
        ;[Acompanhar](http://revistas.inpi.gov.br/rpi/);Fale Conosco: http://faleconosco.inpi.gov.br/faleconosco/

Site: www.inpi.gov.br;false;false;
consultar-dados-do-imovel;940;Consultar Dados do Imóvel;
        ;http://www.cadastrorural.gov.br/servicos;
        ;true;false;
credenciar-se-no-sisbacen-pessoa-juridica;916;Credenciar-se no SISBACEN - Pessoa Jurídica;
        ;

Compreende: São Paulo.;
        ;true;false;
obter-a-garantia-safra;917;Obter a Garantia Safra;
        ;CEF e seus correspondentes bancários;
        ;false;false;
obter-certidao-de-antecedentes-em-processo-correcional;920;Obter certidão de antecedentes em processo correcional;
        ;Corregedoria-Geral da União;
        ;true;false;
averbacao-e-cessao-de-contratos-propriedade-industrial-fornecimento-de-tecnologia-assistencia-tecnica-e-franquia;891;Averbação e Cessão de Contratos (propriedade industrial, fornecimento de tecnologia, assistência técnica e franquia);
        ;[Acompanhar](http://revistas.inpi.gov.br/rpi/);Fale Conosco: http://faleconosco.inpi.gov.br/faleconosco/

Site: www.inpi.gov.br;false;false;
obter-assistencia-tecnica-e-extensao-rural-para-o-medio-produtor;921;Obter assistência Técnica e extensão rural para o Médio Produtor.;ATER;Na propriedade rural.;
        ;true;false;
receber-analise-de-tecidos-vegetal;923;Receber análise de tecidos vegetal;
        ;Laboratório de Fertilizantes e Corretivos;
        ;false;false;
obter-financiamento-do-programa-nacional-de-credito-fundiario;918;Obter financiamento do Programa Nacional de Crédito Fundiário;PNCF;Cartórios de Registro de Imóveis.;
        ;true;false;
acessar-a-informacao-publica-a-orgaos-e-entidades-do-poder-executivo-federal;919;Acessar à informação pública a órgãos e entidades do Poder Executivo Federal.;e-SIC;https://esic.cgu.gov.br/sistema/site/index.html;
        ;true;false;
celebrar-convenio-para-promocao-do-cafe-brasileiro;922;Celebrar convênio para promoção do café brasileiro;
        ;http://portal.convenios.gov.br/;
        ;false;false;
receber-analise-de-solos;924;Receber análise de solos;
        ;tereza.cezar@agricultura.gov.br;
        ;false;false;
receber-analise-de-agua;925;Receber análise de água;
        ;Laboratório de água;
        ;false;false;
receber-analise-microbiologica-de-alimentos-e-aguas;926;Receber Análise microbiológica de alimentos e águas.;
        ;Pagamento na Seção de Finanças e a entrega de resultados no Laboratório de Microbiologia da Seção de Agroindustrialização e Engenharia Agrícola do Centro de Pesquisas Assistência Técnica e Extensão Rural da CEPLAC;
        ;false;false;
receber-analise-fisico-quimica-de-alimentos-e-bebidas;927;Receber análise físico-química de alimentos e bebidas;
        ;Laboratório de Análise Físico-Química;
        ;false;false;
requerer-sementes-hibridas-de-cacaueira;928;Requerer sementes híbridas de cacaueira;
        ;Na propriedade de agricultor;
        ;true;false;
comprar-biofungicida-tricovab-para-a-vassoura-de-bruxa-do-cacaueiro;929;Comprar biofungicida Tricovab para a vassoura-de-bruxa do cacaueiro;
        ;Ceplac/Unidade de Biocontrole;
        ;false;false;
obter-assistencia-tecnica-para-cultivos-e-criacoes-regionais;930;Obter assistência técnica para cultivos e criações regionais;ATER;Imóvel rural do solicitante ou nos escritórios locais de ater  da CEPLAC;
        ;true;false;
obter-o-credito-rural-orientado;931;Obter o Crédito Rural Orientado;CRO;roberto.santana@agricultura.gov.br;
        ;false;false;
credenciar-empresa-classificadora;932;Credenciar empresa classificadora;
        ;No local de instalação da empresa.;
        ;true;false;
homologar-curso-de-classificadores-de-produtos-de-origem-vege